date,cryptotype,close_percentage,open_percentage
2021-11-21,Ethereum,69.92851347888462,76.01278732433396
2021-11-20,Ethereum,76.44923348376884,74.43274420396087
2021-11-19,Ethereum,74.15285172151911,64.7057637308224
2021-11-18,Ethereum,64.54032106286147,72.93884087694094
2021-11-17,Ethereum,73.90209990437711,68.06459060744248
2021-11-16,Ethereum,66.97836816009108,76.66991826114197
2021-11-15,Ethereum,77.18890662047022,91.19107134054998
2021-11-14,Ethereum,91.40356299989162,88.29390891043028
2021-11-13,Ethereum,88.7709372631057,87.76885502143583
2021-11-12,Ethereum,88.43346089755383,94.22235467904886
2021-11-11,Ethereum,94.61791705062741,88.36381687909723
2021-11-10,Ethereum,88.56902390927863,91.54259551453096
2021-11-09,Ethereum,91.93277555475396,95.28464624720566
2021-11-08,Ethereum,95.27046809343,91.7835924715165
2021-11-07,Ethereum,92.01500783913893,84.91762984577652
2021-11-06,Ethereum,85.13482720316507,82.11637011578946
2021-11-05,Ethereum,82.65120151562975,83.12502522657846
2021-11-04,Ethereum,84.84783911470718,85.42032032838787
2021-11-03,Ethereum,85.31801616446357,86.9032503069341
2021-11-02,Ethereum,86.27711453377934,75.02280476492605
2021-11-01,Ethereum,75.65175723297718,72.1971774546032
2021-10-31,Ethereum,70.92508051053196,77.49325673287883
2021-10-30,Ethereum,77.80361133272676,76.36837937613971
2021-10-29,Ethereum,76.81521386087692,77.98378326862876
2021-10-28,Ethereum,77.676198003525,62.31456592888034
2021-10-27,Ethereum,62.62417168349792,71.09097264924517
2021-10-26,Ethereum,71.4542930653943,71.68512093134161
2021-10-25,Ethereum,71.8666670010604,68.0467117883199
2021-10-24,Ethereum,68.4683090207738,67.93697830358295
2021-10-23,Ethereum,68.54402155914033,63.475627554953604
2021-10-22,Ethereum,64.02862038678646,68.77577471105401
2021-10-21,Ethereum,68.93238374727511,70.05265179529493
2021-10-20,Ethereum,70.0978678571684,56.23251312493649
2021-10-19,Ethereum,56.62086707109207,55.38112613951505
2021-10-18,Ethereum,55.50748129752294,56.59624093239183
2021-10-17,Ethereum,56.53578239782403,57.65000980042303
2021-10-16,Ethereum,57.8897527626558,56.11303657672653
2021-10-15,Ethereum,56.245931981845864,55.25189660617883
2021-10-14,Ethereum,55.64588675949359,48.09373137112715
2021-10-13,Ethereum,47.97515710287265,42.27786660172283
2021-10-12,Ethereum,42.67489181036338,41.51100218017788
2021-10-11,Ethereum,41.933181253031236,42.97848414464314
2021-10-10,Ethereum,42.67611426274184,43.49500541185877
2021-10-09,Ethereum,43.90469878036538,45.534679039819856
2021-10-08,Ethereum,45.88802340872072,45.27418603423502
2021-10-07,Ethereum,45.2598915975756,43.03903599431308
2021-10-06,Ethereum,43.65556696109077,41.76378606120208
2021-10-05,Ethereum,42.08217136364462,37.69174114205806
2021-10-04,Ethereum,37.7988075545414,35.58948172551465
2021-10-03,Ethereum,35.83461480284077,38.27410250011585
2021-10-02,Ethereum,37.76746109273934,33.76519726754942
2021-10-01,Ethereum,33.994177961843754,22.87879224112083
2021-09-30,Ethereum,21.11233258860588,23.005590969415408
2021-09-29,Ethereum,22.805806800983053,17.57986544836785
2021-09-28,Ethereum,17.356551397860397,19.769901731047582
2021-09-27,Ethereum,26.211906979666548,14.625812258620515
2021-09-26,Ethereum,26.69266867806567,16.439936943677015
2021-09-25,Ethereum,16.600996318876298,18.38655538598279
2021-09-24,Ethereum,18.60589772864326,24.976993701492688
2021-09-23,Ethereum,25.874023129988533,26.70334152041287
2021-09-22,Ethereum,26.23510375894556,16.598832220174483
2021-09-21,Ethereum,17.147710813888743,21.879076539893134
2021-09-20,Ethereum,22.26804701810873,29.751680180816177
2021-09-19,Ethereum,30.069449876940645,38.68130699203025
2021-09-18,Ethereum,39.274903893572166,40.25403785397195
2021-09-17,Ethereum,39.00622277487947,45.769574180068226
2021-09-16,Ethereum,45.06489553525591,44.014374193551745
2021-09-15,Ethereum,44.154248022403365,38.211923499316
2021-09-14,Ethereum,38.485567386666325,33.8407804218646
2021-09-13,Ethereum,34.893028312312325,32.9658295100191
2021-09-12,Ethereum,34.07437282559796,35.04858295630999
2021-09-11,Ethereum,35.208520412326415,31.535732334928944
2021-09-10,Ethereum,31.456804124205227,40.84167753154873
2021-09-09,Ethereum,40.65899826782753,41.09648542983209
2021-09-08,Ethereum,40.80107108693355,39.36769688421704
2021-09-07,Ethereum,39.97957314997335,59.05896393247752
2021-09-06,Ethereum,59.340197479013426,58.66191921347186
2021-09-05,Ethereum,59.37724871858161,59.86199278005016
2021-09-04,Ethereum,56.659538308527644,59.21298767723847
2021-09-03,Ethereum,59.892616751792005,54.704896020236994
2021-09-02,Ethereum,54.962396739015105,53.021618097993404
2021-09-01,Ethereum,52.86141852321121,39.850087664317385
2021-08-31,Ethereum,39.72351410055415,31.580439304388676
2021-08-30,Ethereum,31.89319974603987,28.48942761343803
2021-08-29,Ethereum,28.599465799802164,29.23637927694799
2021-08-28,Ethereum,29.401424375981506,31.8697844775698
2021-08-27,Ethereum,32.077203675590674,25.721097850525297
2021-08-26,Ethereum,25.773881421327303,25.929978416001486
2021-08-25,Ethereum,28.13539107330084,29.063663137499475
2021-08-24,Ethereum,29.243479553229996,35.09083927742162
2021-08-23,Ethereum,35.32534909288544,35.733752485149346
2021-08-22,Ethereum,35.90381753382609,31.128527843014542
2021-08-21,Ethereum,31.238203798480374,33.17145577323546
2021-08-20,Ethereum,33.484504767762274,30.76725068390731
2021-08-19,Ethereum,30.892995173168835,20.69972930691479
2021-08-18,Ethereum,21.287371867381342,23.585104812995844
2021-08-17,Ethereum,23.52553309277742,29.748425878556343
2021-08-16,Ethereum,30.025898768628473,32.537085108939785
2021-08-15,Ethereum,33.12220168642679,31.981948767348374
2021-08-14,Ethereum,32.877134769776475,33.92084816344029
2021-08-13,Ethereum,34.15701259410909,25.766201686114275
2021-08-12,Ethereum,26.02586562948498,30.5152903001013
2021-08-11,Ethereum,31.30292420407802,28.383771928179115
2021-08-10,Ethereum,28.472042531963183,26.605404881367818
2021-08-09,Ethereum,26.540826178569223,19.819887020026307
2021-08-08,Ethereum,20.324208595441274,26.788280793725068
2021-08-07,Ethereum,26.987398964920438,19.33709937379672
2021-08-06,Ethereum,19.478688972312533,12.234197747242746
2021-08-05,Ethereum,12.26674668719016,10.225410225790348
2021-08-04,Ethereum,10.291154318594492,0.9840748350120533
2021-08-03,Ethereum,1.8095014350188645,2.9286593384054354
2021-08-02,Ethereum,2.6525761533906906,4.088907388913745
2021-08-01,Ethereum,4.260975631137046,6.311456929232079
2021-07-31,Ethereum,6.11200705941402,0.10464925755927813
2021-07-30,Ethereum,0.2678697221381428,-1.5127885738421554
2021-07-29,Ethereum,-1.2815041891394718,-7.4058636486915725
2021-07-28,Ethereum,-7.049919049411589,-6.501643859814059
2021-07-27,Ethereum,-6.639980079865181,-11.96475417023673
2021-07-26,Ethereum,-11.148066415222768,-6.411019479200392
2021-07-25,Ethereum,-6.124204562528638,-12.550766696683596
2021-07-24,Ethereum,-12.421424493536946,-16.129040699471094
2021-07-23,Ethereum,-13.751383110837399,-16.09287627344342
2021-07-22,Ethereum,-16.26961513318399,-20.21286262100053
2021-07-21,Ethereum,-19.487636541055156,-27.097532523907912
2021-07-20,Ethereum,-26.77733872381205,-28.87142986593856
2021-07-19,Ethereum,-29.59152845471048,-23.303467524168695
2021-07-18,Ethereum,-23.134321311001287,-19.478516417920797
2021-07-17,Ethereum,-19.534452491695163,-24.125188766428884
2021-07-16,Ethereum,-23.859339927117023,-20.721258054219813
2021-07-15,Ethereum,-20.723958287756982,-19.52647272881374
2021-07-14,Ethereum,-19.303225127378195,-23.39775299482467
2021-07-13,Ethereum,-23.526748401760372,-17.522149951315377
2021-07-12,Ethereum,-17.3036160419326,-12.031804702773098
2021-07-11,Ethereum,-11.781078097244487,-15.11753807420475
2021-07-10,Ethereum,-14.938036518016151,-13.291616543456373
2021-07-09,Ethereum,-13.059335923709718,-13.932089024489224
2021-07-08,Ethereum,-13.784757054632992,-8.360068726547809
2021-07-07,Ethereum,-7.984180764306514,-4.941503575822734
2021-07-06,Ethereum,-5.001456592695227,-9.091572375976806
2021-07-05,Ethereum,-9.211145284062674,-7.9435180372896275
2021-07-04,Ethereum,-8.156785076962283,-9.590214824069834
2021-07-03,Ethereum,-9.313324413354662,-14.577036171129345
2021-07-02,Ethereum,-13.614190162607983,-17.017415608138403
2021-07-01,Ethereum,-16.5582430967837,-11.170257944442922
2021-06-30,Ethereum,-10.839084122589892,-13.653717199781795
2021-06-29,Ethereum,-13.287298445698854,-14.497385138989372
2021-06-28,Ethereum,-14.397016862132613,-20.07143937584318
2021-06-27,Ethereum,-19.776259535336255,-23.48552986096099
2021-06-26,Ethereum,-23.405437395813674,-26.02669345149245
2021-06-25,Ethereum,-25.793816153520204,-18.82178730806864
2021-06-24,Ethereum,-18.672648411476167,-22.491906054817246
2021-06-23,Ethereum,-22.77771306879471,-18.177658697820096
2021-06-22,Ethereum,-18.402749809723627,-19.665455247276217
2021-06-21,Ethereum,-19.286538155480397,-12.355706994158448
2021-06-20,Ethereum,-12.110822203036683,-11.305182506733843
2021-06-19,Ethereum,-10.956320287275066,-11.065009046966482
2021-06-18,Ethereum,-11.2530879947606,-4.824874542090124
2021-06-17,Ethereum,-4.462474357442451,-1.0710368853767587
2021-06-16,Ethereum,-1.0791833511862576,2.492195891112262
2021-06-15,Ethereum,2.7665623837038713,5.111383362653783
2021-06-14,Ethereum,5.463103496472362,0.7191071638199573
2021-06-13,Ethereum,0.6407574521163641,-5.0508302727771905
2021-06-12,Ethereum,-4.971740067397781,-6.447590693010549
2021-06-11,Ethereum,-7.274631637028732,0.18185956300438003
2021-06-10,Ethereum,0.19214724513438292,4.813902433823085
2021-06-09,Ethereum,5.046247235418589,-0.22087026330275578
2021-06-08,Ethereum,0.1278343236628866,1.210844141264077
2021-06-07,Ethereum,1.276631461658372,12.444705463848853
2021-06-06,Ethereum,12.656321389066177,8.696969623872668
2021-06-05,Ethereum,8.749105182950395,12.22403797433401
2021-06-04,Ethereum,12.203646279459896,11.051199345875325
2021-06-03,Ethereum,11.86169752715758,9.582497018062625
2021-06-02,Ethereum,10.615193646620558,5.422685154435524
2021-06-01,Ethereum,6.367648686069842,7.446097192750692
2021-05-31,Ethereum,6.887091560541755,-6.18669089964324
2021-05-30,Ethereum,-6.726694689637829,-6.698330713469122
2021-05-29,Ethereum,-6.729139594394742,2.0939308087591604
2021-05-28,Ethereum,2.40913917324499,10.876449267514417
2021-05-27,Ethereum,10.055042114082308,8.775807080447686
2021-05-26,Ethereum,8.115686016802524,15.528811684150593
2021-05-25,Ethereum,15.032898015070126,5.059770922545145
2021-05-24,Ethereum,5.293759056825812,-13.033971052348894
2021-05-23,Ethereum,-12.43160165805353,-5.7258400287078075
2021-05-22,Ethereum,-5.844133765578125,-5.270684186727077
2021-05-21,Ethereum,-4.98639955730204,13.442803935599864
2021-05-20,Ethereum,14.220354790248052,0.5606186751049667
2021-05-19,Ethereum,-0.3142660759378814,25.76498132276684
2021-05-18,Ethereum,26.35885966964917,37.38492393753682
2021-05-17,Ethereum,37.949427601659394,32.261144089274
2021-05-16,Ethereum,33.00332564659978,55.452651337658686
2021-05-15,Ethereum,54.63672747448444,63.66052748457002
2021-05-14,Ethereum,64.26513013678756,53.67306392749995
2021-05-13,Ethereum,55.00269791295529,60.04852978244971
2021-05-12,Ethereum,59.225813703211315,76.2895419195647
2021-05-11,Ethereum,75.78813521295429,56.69010969361209
2021-05-10,Ethereum,57.04708552841012,64.65050012232469
2021-05-09,Ethereum,65.01499037664274,57.64472155925081
2021-05-08,Ethereum,60.71086475438021,43.53523771571123
2021-05-07,Ethereum,43.574547190447035,39.136462834010985
2021-05-06,Ethereum,40.00765973876618,41.07860661070949
2021-05-05,Ethereum,41.121045512335314,34.52107841896744
2021-05-04,Ethereum,35.054233008073055,31.57677821434637
2021-05-03,Ethereum,31.877327742394375,24.08658485391299
2021-05-02,Ethereum,24.267253588746783,19.873533399047336
2021-05-01,Ethereum,18.553789453681883,15.371940424912287
2021-04-30,Ethereum,15.742039658221756,11.469367264610188
2021-04-29,Ethereum,11.549455361515482,9.512598971048908
2021-04-28,Ethereum,9.509142587322167,6.8324528620549705
2021-04-27,Ethereum,7.572628940288224,1.3786887489760777
2021-04-26,Ethereum,1.695117659216755,-0.2858967785799593
2021-04-25,Ethereum,-0.46082122043157403,-11.030461850415488
2021-04-24,Ethereum,-10.739757382180969,-6.66338665078888
2021-04-23,Ethereum,-6.266277381634655,-7.282319222656825
2021-04-22,Ethereum,-7.299468291449573,-3.0521926025802983
2021-04-21,Ethereum,-3.122755998388792,-6.930388260893369
2021-04-20,Ethereum,-6.490989969251798,-14.555496261964437
2021-04-19,Ethereum,-14.34247362105155,-7.923605279254635
2021-04-18,Ethereum,-7.490389512507748,-12.079359186710178
2021-04-17,Ethereum,-15.262075846042217,1.038534789598042
2021-04-16,Ethereum,1.0075428588395245,1.4213518578701843
2021-04-15,Ethereum,1.9857731048100031,0.6061392201296553
2021-04-14,Ethereum,0.4449464215443628,-4.6253302523044795
2021-04-13,Ethereum,-4.738480251768664,-12.083417142881734
2021-04-12,Ethereum,-11.832371403953559,-12.658466242508137
2021-04-11,Ethereum,-12.553320148126382,-12.812489987269092
2021-04-10,Ethereum,-12.668121346691866,-12.902300792317803
2021-04-09,Ethereum,-12.758493374962661,-15.769390691493776
2021-04-08,Ethereum,-15.49492817754518,-18.813661474072298
2021-04-07,Ethereum,-18.8806690578769,-14.475438442041982
2021-04-06,Ethereum,-14.347760976054305,-14.049948343222503
2021-04-05,Ethereum,-13.64716656091465,-17.523370314662813
2021-04-04,Ethereum,-17.257207575418747,-18.04883099143974
2021-04-03,Ethereum,-18.232997885950926,-14.96514148057371
2021-04-02,Ethereum,-14.829755065469103,-18.908755559466616
2021-04-01,Ethereum,-18.859912214036193,-21.73642673035508
2021-03-31,Ethereum,-21.94359306256101,-25.22651211839717
2021-03-30,Ethereum,-25.91878954728366,-27.104849743165914
2021-03-29,Ethereum,-26.850611326740285,-31.132996307588538
2021-03-28,Ethereum,-30.869776342538486,-30.6400439276236
2021-03-27,Ethereum,-30.291715385723982,-31.075693799351818
2021-03-26,Ethereum,-31.024063746791846,-34.45036555618211
2021-03-25,Ethereum,-34.041796768021946,-36.17346403366908
2021-03-24,Ethereum,-36.00517455147027,-31.733643272551404
2021-03-23,Ethereum,-31.650978074877116,-30.875345855654444
2021-03-22,Ethereum,-30.88606079962874,-27.517337515425922
2021-03-21,Ethereum,-27.48404043152538,-27.388916596828043
2021-03-20,Ethereum,-27.35376974412194,-25.501634601671384
2021-03-19,Ethereum,-25.58457305474101,-27.66892053349201
2021-03-18,Ethereum,-27.444956740645043,-25.46343623673132
2021-03-17,Ethereum,-25.293912639829152,-28.22852161903745
2021-03-16,Ethereum,-28.07879332955629,-28.90841282835781
2021-03-15,Ethereum,-28.847780476747577,-23.43879391341548
2021-03-14,Ethereum,-23.25481734869568,-22.335039756405553
2021-03-13,Ethereum,-22.49804478665174,-28.006222017566074
2021-03-12,Ethereum,-28.528621019598116,-26.65009572814105
2021-03-11,Ethereum,-26.525349546335764,-26.8382549208439
2021-03-10,Ethereum,-26.76756904342162,-27.125169288983386
2021-03-09,Ethereum,-27.05456210119811,-25.365494636859648
2021-03-08,Ethereum,-24.956436274277287,-29.772400313382857
2021-03-07,Ethereum,-29.707954620461962,-32.613068850004176
2021-03-06,Ethereum,-32.519699446603475,-37.83559891287702
2021-03-05,Ethereum,-37.78454840536779,-40.34344063103153
2021-03-04,Ethereum,-39.626212668061875,-37.55966285403784
2021-03-03,Ethereum,-37.149901817522846,-37.40726626040679
2021-03-02,Ethereum,-37.15193923815361,-35.95157121998018
2021-03-01,Ethereum,-36.14521491926414,-41.45044909030129
2021-02-28,Ethereum,-41.2130353643966,-44.389466014576755
2021-02-27,Ethereum,-43.58146230787751,-38.95155174253468
2021-02-26,Ethereum,-38.78231801211913,-38.913348416767995
2021-02-25,Ethereum,-38.61093615184182,-35.39319049778218
2021-02-24,Ethereum,-35.04974353928987,-33.22387558787578
2021-02-23,Ethereum,-33.398597982846425,-33.65424217925839
2021-02-22,Ethereum,-34.47453000203983,-24.216626722607508
2021-02-21,Ethereum,-24.366975700567746,-20.966719755159392
2021-02-20,Ethereum,-21.112727960017917,-17.83873006261611
2021-02-19,Ethereum,-17.557235155913496,-22.63007995854138
2021-02-18,Ethereum,-22.49030755757346,-22.742646075275818
2021-02-17,Ethereum,-22.698735688100342,-29.341220146435294
2021-02-16,Ethereum,-29.164897543947667,-26.329045912059662
2021-02-15,Ethereum,-26.253418493271074,-29.995915317375054
2021-02-14,Ethereum,-30.352778372823487,-26.22460562932157
2021-02-13,Ethereum,-26.21311235001228,-24.285309367100407
2021-02-12,Ethereum,-24.30917258647746,-28.873057017068476
2021-02-11,Ethereum,-28.9296052770064,-30.00241400024148
2021-02-10,Ethereum,-29.888698677003557,-27.35762370253688
2021-02-09,Ethereum,-27.24508080744874,-29.461917057992686
2021-02-08,Ethereum,-29.205606202014,-34.21181428671806
2021-02-07,Ethereum,-34.21603101718233,-34.6937933182093
2021-02-06,Ethereum,-35.34447382614464,-32.050625210808
2021-02-05,Ethereum,-31.571593210056598,-33.535985994395865
2021-02-04,Ethereum,-33.47879781591925,-32.47977639966979
2021-02-03,Ethereum,-32.452529166930304,-36.88871105427878
2021-02-02,Ethereum,-36.72734574802155,-43.871724384013696
2021-02-01,Ethereum,-43.741857004704535,-46.54780757600946
2021-01-31,Ethereum,-46.344358732066866,-44.68125687527937
2021-01-30,Ethereum,-44.71886479829656,-45.4192592075748
2021-01-29,Ethereum,-45.19759901470214,-46.910310059290744
2021-01-28,Ethereum,-46.86054670284817,-47.85841828123642
2021-01-27,Ethereum,-47.903094839608755,-46.69979738185802
2021-01-26,Ethereum,-46.794191391427304,-45.501350966409646
2021-01-25,Ethereum,-45.831430634294776,-42.162446769477775
2021-01-24,Ethereum,-42.321123844325754,-46.33160979127527
2021-01-23,Ethereum,-46.48928394005595,-49.273474230028086
2021-01-22,Ethereum,-49.26072759225728,-52.921646279829304
2021-01-21,Ethereum,-53.00429916717404,-47.6263706554654
2021-01-20,Ethereum,-47.0803744502701,-44.848689734382276
2021-01-19,Ethereum,-44.64233232235911,-46.95948177270451
2021-01-18,Ethereum,-46.65334102469974,-51.13677558932497
2021-01-17,Ethereum,-51.25911422532442,-50.24515133922445
2021-01-16,Ethereum,-49.71951496375585,-51.998729135437614
2021-01-15,Ethereum,-52.03298621271092,-50.89497497842769
2021-01-14,Ethereum,-50.5389804494039,-54.953600861576525
2021-01-13,Ethereum,-54.97011688606066,-58.381507248818764
2021-01-12,Ethereum,-58.429540338106065,-55.403880210994124
2021-01-11,Ethereum,-55.79446721190393,-54.54395564296725
2021-01-10,Ethereum,-54.50644467436688,-46.3994788602032
2021-01-09,Ethereum,-46.1717544194111,-50.418681054237915
2021-01-08,Ethereum,-50.293506048627435,-52.47054839402012
2021-01-07,Ethereum,-52.367615158698335,-50.79987593220676
2021-01-06,Ethereum,-50.688383013462044,-54.63742753805827
2021-01-05,Ethereum,-54.57361495404005,-59.1951001766693
2021-01-04,Ethereum,-58.31270420356913,-58.25512026913328
2021-01-03,Ethereum,-58.43890253437035,-68.3799416739492
2021-01-02,Ethereum,-68.47928655616926,-70.36963249334488
2021-01-01,Ethereum,-70.30344142473533,-69.82384979033718
2020-12-31,Ethereum,-69.75590947681127,-69.82059796849065
2020-12-30,Ethereum,-69.80679529939418,-70.3224897580169
2020-12-29,Ethereum,-70.30425639298763,-71.4034910837544
2020-12-28,Ethereum,-71.47178040817099,-71.36082053362037
2020-12-27,Ethereum,-71.32237784411282,-73.85565248397549
2020-12-26,Ethereum,-73.82026299140418,-74.3941204481385
2020-12-25,Ethereum,-74.26561581003625,-75.23860196291103
2020-12-24,Ethereum,-75.20924220585475,-76.63658522690514
2020-12-23,Ethereum,-76.48016531804925,-74.67453117258495
2020-12-22,Ethereum,-74.78872107232492,-75.2085294319673
2020-12-21,Ethereum,-75.10584062418431,-73.78819268324334
2020-12-20,Ethereum,-73.75675758420707,-73.72926550429001
2020-12-19,Ethereum,-73.64806367821525,-73.37001484285524
2020-12-18,Ethereum,-73.339898838494,-73.84915132069577
2020-12-17,Ethereum,-73.71197656953852,-74.09298587050543
2020-12-16,Ethereum,-73.95419358196507,-76.28993506507399
2020-12-15,Ethereum,-76.22207381731789,-76.28262032622929
2020-12-14,Ethereum,-76.00591094237204,-76.20621863552253
2020-12-13,Ethereum,-76.20456690784918,-76.92837608760776
2020-12-12,Ethereum,-76.87096992628163,-77.49732337049697
2020-12-11,Ethereum,-77.45839556401972,-77.81674603544845
2020-12-10,Ethereum,-77.78324986029808,-76.93731549716905
2020-12-09,Ethereum,-76.87259737812694,-77.74806587136885
2020-12-08,Ethereum,-77.61838029206129,-76.04325548120028
2020-12-07,Ethereum,-76.0010236175175,-75.76447190788375
2020-12-06,Ethereum,-75.77631351455966,-75.66124702766648
2020-12-05,Ethereum,-75.58986716491125,-76.46305799230497
2020-12-04,Ethereum,-76.40851768230701,-75.37921163250343
2020-12-03,Ethereum,-75.33869544034658,-75.89532859234988
2020-12-02,Ethereum,-75.81905710859746,-76.33301240299049
2020-12-01,Ethereum,-76.28964909645791,-75.44708070143137
2020-11-30,Ethereum,-75.32688833932538,-76.23100788612065
2020-11-29,Ethereum,-76.20985923217056,-78.09268457470093
2020-11-28,Ethereum,-77.97132366179181,-79.1614921886173
2020-11-27,Ethereum,-79.1665305086308,-78.86523410354734
2020-11-26,Ethereum,-78.82457802933952,-78.58807520094743
2020-11-25,Ethereum,-78.54897961913947,-76.35211158546052
2020-11-24,Ethereum,-76.12599949594028,-74.8626903652878
2020-11-23,Ethereum,-74.8188450817485,-76.39071921859639
2020-11-22,Ethereum,-76.37350883268819,-77.7724483341845
2020-11-21,Ethereum,-77.74620607470783,-79.46994398550838
2020-11-20,Ethereum,-79.40019780838608,-80.23639665844425
2020-11-19,Ethereum,-80.17325482752027,-80.64644494421603
2020-11-18,Ethereum,-80.59621838114771,-79.93688675152777
2020-11-17,Ethereum,-79.93918004363884,-81.23408710220612
2020-11-16,Ethereum,-81.05785441454039,-81.72825860531184
2020-11-15,Ethereum,-81.70430810340652,-81.39054661283534
2020-11-14,Ethereum,-81.32205320784541,-80.84354478668683
2020-11-13,Ethereum,-80.91130299703565,-81.15199534337127
2020-11-12,Ethereum,-81.12909456615647,-81.38892194211871
2020-11-11,Ethereum,-81.32693804804062,-81.18531969616153
2020-11-10,Ethereum,-81.26180518899821,-81.67380113113916
2020-11-09,Ethereum,-81.61189865450497,-81.63275649192839
2020-11-08,Ethereum,-81.62818311159522,-82.19682728225447
2020-11-07,Ethereum,-82.09185408095935,-81.35762904782756
2020-11-06,Ethereum,-81.3782313547497,-82.54957429999621
2020-11-05,Ethereum,-82.51888750652971,-83.61960103705336
2020-11-04,Ethereum,-83.55614456129857,-84.3287536821658
2020-11-03,Ethereum,-84.30029878105798,-84.78716258619971
2020-11-02,Ethereum,-84.76152857265416,-83.81304351010182
2020-11-01,Ethereum,-83.81830841863214,-84.31737478611629
2020-10-31,Ethereum,-84.24737802250361,-84.434415568458
2020-10-30,Ethereum,-84.44400029433895,-84.36004533625031
2020-10-29,Ethereum,-84.3112896714972,-84.09954861004553
2020-10-28,Ethereum,-84.12118093403204,-83.5045929534174
2020-10-27,Ethereum,-83.46455008064933,-84.04915653328432
2020-10-26,Ethereum,-84.02714403328518,-83.3810497675893
2020-10-25,Ethereum,-83.3660358238334,-83.14168616276693
2020-10-24,Ethereum,-83.10427820829634,-83.2514109660573
2020-10-23,Ethereum,-83.22233306822278,-83.20589538185924
2020-10-22,Ethereum,-83.17592584403857,-84.02355370712125
2020-10-21,Ethereum,-83.99864747570689,-84.63354686942789
2020-10-20,Ethereum,-84.58770180761994,-84.56405436998999
2020-10-19,Ethereum,-84.53274487076445,-84.84690210051134
2020-10-18,Ethereum,-84.78961640377665,-85.03384217007341
2020-10-17,Ethereum,-84.99804577663318,-85.02977801286859
2020-10-16,Ethereum,-85.03916067649601,-84.6441134301191
2020-10-15,Ethereum,-84.64306622860155,-84.69287959595704
2020-10-14,Ethereum,-84.66301307350858,-84.47017692732315
2020-10-13,Ethereum,-84.40939768651664,-84.434415568458
2020-10-12,Ethereum,-84.37886619296688,-84.80544943331144
2020-10-11,Ethereum,-84.77170573717073,-84.9379332689075
2020-10-10,Ethereum,-84.91907088059813,-84.82170606213074
2020-10-09,Ethereum,-84.66260558938242,-85.74299357497921
2020-10-08,Ethereum,-85.73812888212002,-86.21684553226746
2020-10-07,Ethereum,-86.18999523512227,-86.24813718635197
2020-10-06,Ethereum,-86.2494295280468,-85.63204964854808
2020-10-05,Ethereum,-85.59890472490811,-85.60482091146173
2020-10-04,Ethereum,-85.68032204104078,-85.95147231349954
2020-10-03,Ethereum,-85.92050411749588,-85.95065997814123
2020-10-02,Ethereum,-85.82361731252526,-85.6613098441335
2020-10-01,Ethereum,-85.66526003632899,-85.27889584302388
2020-09-30,Ethereum,-85.25165992129547,-85.54264315086853
2020-09-29,Ethereum,-85.51219508445408,-85.62717191577829
2020-09-28,Ethereum,-85.61681663384367,-85.45851993353459
2020-09-27,Ethereum,-85.413273343512,-85.39837487164715
2020-09-26,Ethereum,-85.39047659438123,-85.71495250253457
2020-09-25,Ethereum,-85.67747337914668,-85.97544922873935
2020-09-24,Ethereum,-85.91602551909716,-86.79026376014399
2020-09-23,Ethereum,-86.77864208290916,-86.1160601385384
2020-09-22,Ethereum,-86.08496620160652,-86.05428916572768
2020-09-21,Ethereum,-86.03000926475103,-84.7631856709599
2020-09-20,Ethereum,-84.76722713877201,-84.48602676835998
2020-09-19,Ethereum,-84.45621363715664,-84.43075819903565
2020-09-18,Ethereum,-84.43504433987117,-84.24991374517748
2020-09-17,Ethereum,-84.24004951988113,-84.68190748769
2020-09-16,Ethereum,-84.58078203145327,-85.40284457642778
2020-09-15,Ethereum,-85.38966286845857,-84.71319914177452
2020-09-14,Ethereum,-84.68825224273697,-85.12406100311127
2020-09-13,Ethereum,-85.08597662713602,-84.19586305878728
2020-09-12,Ethereum,-84.17980150103394,-84.98344885310557
2020-09-11,Ethereum,-84.96303568468471,-85.45892672131707
2020-09-10,Ethereum,-85.4144945535608,-84.97085083391526
2020-09-09,Ethereum,-84.9593720545383,-86.42816930485183
2020-09-08,Ethereum,-86.45093788240702,-85.80720403427816
2020-09-07,Ethereum,-85.77313773173884,-85.89376549789364
2020-09-06,Ethereum,-85.89241504404373,-86.65249664420233
2020-09-05,Ethereum,-86.5999304776797,-84.26088585344452
2020-09-04,Ethereum,-84.19771340996948,-84.3665477397367
2020-09-03,Ethereum,-84.33775129310406,-82.00704217862837
2020-09-02,Ethereum,-82.03649090230736,-80.89718868529457
2020-09-01,Ethereum,-80.80301781749965,-81.9802202293245
2020-08-31,Ethereum,-81.95140995602829,-82.72025774073897
2020-08-30,Ethereum,-82.67805850864863,-83.5480770791164
2020-08-29,Ethereum,-83.51584338735839,-83.96137594652804
2020-08-28,Ethereum,-83.93962066690848,-84.25438344995813
2020-08-27,Ethereum,-84.25674021876789,-84.3783334235687
2020-08-26,Ethereum,-84.34141492325047,-84.30477676692598
2020-08-25,Ethereum,-84.33978622907551,-83.68503061949309
2020-08-24,Ethereum,-83.63186331131338,-84.02721107654358
2020-08-23,Ethereum,-84.00923212434962,-84.14465864666776
2020-08-22,Ethereum,-84.12891567845101,-84.32509631274345
2020-08-21,Ethereum,-84.33083027460772,-83.09698291392718
2020-08-20,Ethereum,-83.13521718597224,-83.45216817795045
2020-08-19,Ethereum,-83.39005378301297,-83.10145261870781
2020-08-18,Ethereum,-83.01675484191965,-82.53006708953704
2020-08-17,Ethereum,-82.51481763458679,-82.69506170235837
2020-08-16,Ethereum,-82.61943794164674,-82.66580150677295
2020-08-15,Ethereum,-82.59297756236955,-82.15131045784976
2020-08-14,Ethereum,-82.1398899993185,-82.88769184004853
2020-08-13,Ethereum,-82.84007941499132,-83.96787835001443
2020-08-12,Ethereum,-83.98480668104389,-84.67337238549787
2020-08-11,Ethereum,-84.6678979137038,-83.97803812292317
2020-08-10,Ethereum,-83.96730225623448,-83.86343558686303
2020-08-09,Ethereum,-83.81016619008702,-83.94715201641448
2020-08-08,Ethereum,-83.898504524716,-84.62582534280072
2020-08-07,Ethereum,-84.60072887636026,-83.92236276581636
2020-08-06,Ethereum,-83.88303503587805,-83.9215491902514
2020-08-05,Ethereum,-83.89443341044344,-84.18164036888037
2020-08-04,Ethereum,-84.17206675661497,-84.1125534170183
2020-08-03,Ethereum,-84.14682758738657,-84.58640537430655
2020-08-02,Ethereum,-84.51279802585742,-83.45216817795045
2020-08-01,Ethereum,-83.52235692172857,-85.68853734101319
2020-07-31,Ethereum,-85.64287077132435,-86.6277073936042
2020-07-30,Ethereum,-86.55718688364192,-87.14829405823131
2020-07-29,Ethereum,-87.10878870350889,-87.13732070975762
2020-07-28,Ethereum,-87.12222325637539,-87.03043970032465
2020-07-27,Ethereum,-87.05261179893425,-86.78619960293916
2020-07-26,Ethereum,-86.70903062546802,-87.69285763809823
2020-07-25,Ethereum,-87.66690530007568,-88.5060462585796
2020-07-24,Ethereum,-88.46479524664176,-88.90796622994174
2020-07-23,Ethereum,-88.87758039342297,-89.27737542407858
2020-07-22,Ethereum,-89.25983528898409,-90.06496121839687
2020-07-21,Ethereum,-90.04429068268367,-90.36569024845413
2020-07-20,Ethereum,-90.35082682822998,-90.29985511843859
2020-07-19,Ethereum,-90.28243595967284,-90.44453018544246
2020-07-18,Ethereum,-90.42654495707995,-90.5314978167371
2020-07-17,Ethereum,-90.51651074355426,-90.52418307789242
2020-07-16,Ethereum,-90.51854630069055,-90.30838960052739
2020-07-15,Ethereum,-90.29220626122809,-90.27384612459636
2020-07-14,Ethereum,-90.24009922859636,-90.29660391669539
2020-07-13,Ethereum,-90.27185193219492,-90.17712488807213
2020-07-12,Ethereum,-90.1611243325613,-90.21248131946479
2020-07-11,Ethereum,-90.19328452028601,-90.22426638319347
2020-07-10,Ethereum,-90.21119580805674,-90.22467317097593
2020-07-09,Ethereum,-90.22503722388457,-90.05195703152742
2020-07-08,Ethereum,-90.03452038112842,-90.1689971937658
2020-07-07,Ethereum,-90.16926593994161,-90.270188755174
2020-07-06,Ethereum,-90.24701962592786,-90.73875743211666
2020-07-05,Ethereum,-90.72534635820729,-90.72900382688707
2020-07-04,Ethereum,-90.70743444927173,-90.8045925621322
2020-07-03,Ethereum,-90.78803803948175,-90.79605870014672
2020-07-02,Ethereum,-90.70458516621281,-90.75176161898611
2020-07-01,Ethereum,-90.59385756657919,-90.83791691492245
2020-06-30,Ethereum,-90.83403840070461,-90.77411324340599
2020-06-29,Ethereum,-90.75221422161063,-90.86880240132781
2020-06-28,Ethereum,-90.8556139397866,-91.0890662035768
2020-06-27,Ethereum,-91.07381237186874,-90.66316869687152
2020-06-26,Ethereum,-90.64759267222104,-90.5571006429002
2020-06-25,Ethereum,-90.5307590223434,-90.66641989861472
2020-06-24,Ethereum,-90.68015972290708,-90.02838628396675
2020-06-23,Ethereum,-90.0296355409332,-90.13607962875803
2020-06-22,Ethereum,-90.11634518138723,-90.48029278451428
2020-06-21,Ethereum,-90.4664392680588,-90.66398165233316
2020-06-20,Ethereum,-90.65451306955254,-90.63797265849092
2020-06-19,Ethereum,-90.62927390032415,-90.74282158932148
2020-06-18,Ethereum,-90.74122271000657,-90.50548882289488
2020-06-17,Ethereum,-90.48068754684796,-90.52662132417397
2020-06-16,Ethereum,-90.50714792612514,-90.52174483161085
2020-06-15,Ethereum,-90.51203276632036,-90.81759736910497
2020-06-14,Ethereum,-90.36588883294178,-90.42339830426668
2020-06-13,Ethereum,-90.32599452196293,-90.42055327020265
2020-06-12,Ethereum,-90.39112862333499,-90.50670794603566
2020-06-11,Ethereum,-90.48801480714079,-89.912970792445
2020-06-10,Ethereum,-89.8961111921688,-90.08853196595754
2020-06-09,Ethereum,-90.07034419899954,-90.11697920608134
2020-06-08,Ethereum,-90.09639771531539,-90.08040427165122
2020-06-07,Ethereum,-90.06505187467816,-90.1247007327085
2020-06-06,Ethereum,-90.09476902114044,-90.22345342773183
2020-06-05,Ethereum,-90.22422287679709,-90.12023040782454
2020-06-04,Ethereum,-90.21770934242693,-90.32586411228081
2020-06-03,Ethereum,-89.99666162728583,-90.41689590078029
2020-06-02,Ethereum,-90.39682781061768,-89.95279754872163
2020-06-01,Ethereum,-89.93559864018634,-90.29660391669539
2020-05-31,Ethereum,-90.3084894759887,-90.55344327347784
2020-05-30,Ethereum,-90.33047249919682,-90.95211266320011
2020-05-29,Ethereum,-90.97285507379038,-90.989906720771
2020-05-28,Ethereum,-90.96227104631247,-91.61087261144803
2020-05-27,Ethereum,-91.59081220507822,-91.8018762181116
2020-05-26,Ethereum,-91.78092218487305,-91.68849280519224
2020-05-25,Ethereum,-91.67100831116208,-91.77586722426938
2020-05-24,Ethereum,-91.77440865050288,-91.52309202469175
2020-05-23,Ethereum,-91.49758965141885,-91.47148020468644
2020-05-22,Ethereum,-91.47112927214165,-91.9758114807009
2020-05-21,Ethereum,-91.95759761180138,-91.4950509522471
2020-05-20,Ethereum,-91.47682845942434,-91.34346731407769
2020-05-19,Ethereum,-91.33963985934872,-91.45034770340733
2020-05-18,Ethereum,-91.44466827169964,-91.26097000766703
2020-05-17,Ethereum,-91.24153246549412,-91.81203599102034
2020-05-16,Ethereum,-91.78540016210694,-91.92704469475963
2020-05-15,Ethereum,-91.9063043050923,-91.8892500170854
2020-05-14,Ethereum,-91.86030394386944,-91.90794427208293
2020-05-13,Ethereum,-91.9095610722774,-92.24606119203195
2020-05-12,Ethereum,-92.23197356962298,-92.33993739449214
2020-05-11,Ethereum,-92.32763916454479,-92.33546706960816
2020-05-10,Ethereum,-92.33048906876856,-91.35525237780637
2020-05-09,Ethereum,-92.41190638490123,-91.31095591674907
2020-05-08,Ethereum,-91.30788715575017,-91.33899698919372
2020-05-07,Ethereum,-91.3290558318708,-91.62834712320145
2020-05-06,Ethereum,-91.62745037003681,-91.5974616367961
2020-05-05,Ethereum,-91.55417466128445,-91.62550208913741
2020-05-04,Ethereum,-91.60058250663347,-91.72547452740484
2020-05-03,Ethereum,-91.69706182747794,-91.19066393266418
2020-05-02,Ethereum,-91.12347698440286,-91.3771978345471
2020-05-01,Ethereum,-91.31928553031555,-91.46700987980245
2020-04-30,Ethereum,-91.52893549205606,-91.11466902973989
2020-04-29,Ethereum,-90.86456989425437,-91.95183456546107
2020-04-28,Ethereum,-91.93113661135936,-92.11357797653922
2020-04-27,Ethereum,-92.09356438066337,-91.96240050604897
2020-04-26,Ethereum,-91.96899598636676,-92.08878810583776
2020-04-25,Ethereum,-92.08338721614679,-92.40943051403335
2020-04-24,Ethereum,-92.37567570406878,-92.34278242855618
2020-04-23,Ethereum,-92.3390375391102,-92.52525217323428
2020-04-22,Ethereum,-92.51245682001826,-93.02470633658227
2020-04-21,Ethereum,-93.03312028337415,-93.04502588239974
2020-04-20,Ethereum,-93.0107303972047,-92.54638405441004
2020-04-19,Ethereum,-92.51449175598971,-92.38911096821589
2020-04-18,Ethereum,-92.38666659450801,-92.95562000482353
2020-04-17,Ethereum,-92.96920739205089,-93.05234062124444
2020-04-16,Ethereum,-93.02172190880876,-93.77856161043115
2020-04-15,Ethereum,-93.76831854866577,-93.50587303271521
2020-04-14,Ethereum,-93.48417228928892,-93.60178131377782
2020-04-13,Ethereum,-93.56884637260667,-93.74401813450012
2020-04-12,Ethereum,-93.78948722478641,-93.62331998273608
2020-04-11,Ethereum,-93.65352045592442,-93.50546686503607
2020-04-10,Ethereum,-93.49597752681564,-93.16084754160066
2020-04-09,Ethereum,-93.34616996329063,-93.08281993997065
2020-04-08,Ethereum,-93.06894410124526,-93.14174711892397
2020-04-07,Ethereum,-92.98996920521022,-93.09460562380265
2020-04-06,Ethereum,-93.05632389546625,-94.16422619318065
2020-04-05,Ethereum,-94.13754637548655,-94.12927654957048
2020-04-04,Ethereum,-94.14202435272043,-94.31377837285098
2020-04-03,Ethereum,-94.30078787071321,-94.21868304725001
2020-04-02,Ethereum,-94.21977741754186,-94.4641428878796
2020-04-01,Ethereum,-94.4746140145826,-94.6161333138315
2020-03-31,Ethereum,-94.59226201154772,-94.5950008125524
2020-03-30,Ethereum,-94.608138363347,-94.83842888463124
2020-03-29,Ethereum,-94.83610678640198,-94.7161051319956
2020-03-28,Ethereum,-94.70095405404506,-94.85915490817953
2020-03-27,Ethereum,-94.85035475460873,-94.34060032215484
2020-03-26,Ethereum,-94.33050501717548,-94.43000619973105
2020-03-25,Ethereum,-94.42942737928239,-94.46292376473883
2020-03-24,Ethereum,-94.44164010093525,-94.54948522835433
2020-03-23,Ethereum,-94.51654388269775,-94.90670257098002
2020-03-22,Ethereum,-94.89513421636521,-94.47674090706991
2020-03-21,Ethereum,-94.4815344119141,-94.54948522835433
2020-03-20,Ethereum,-94.57516444969963,-94.5633023706854
2020-03-19,Ethereum,-94.55277456353018,-95.28464624720566
2020-03-18,Ethereum,-95.27046809343,-95.24603892412146
2020-03-17,Ethereum,-95.24360054060907,-95.22693881149644
2020-03-16,Ethereum,-95.22243186448843,-95.02130479698849
2020-03-15,Ethereum,-95.03232250585842,-95.0745422178654
2020-03-14,Ethereum,-95.06570359304952,-94.57874542393975
2020-03-13,Ethereum,-94.55562384658911,-94.95709526784455
2020-03-12,Ethereum,-94.94276327176303,-92.55207350243481
2020-03-11,Ethereum,-92.55153678390964,-91.80228238579075
2020-03-10,Ethereum,-91.79313428536109,-91.77627339194852
2020-03-09,Ethereum,-91.75323997438223,-91.81406806962275
2020-03-08,Ethereum,-91.82203770590071,-90.58595467080646
2020-03-07,Ethereum,-90.5686183973508,-90.12104336328616
2020-03-06,Ethereum,-90.1000613454618,-90.68917769071375
2020-03-05,Ethereum,-90.67079690547796,-90.78630509491714
2020-03-04,Ethereum,-90.87189777571203,-90.70990340421038
2020-03-03,Ethereum,-90.75099301156183,-90.65869837198754
2020-03-02,Ethereum,-90.64026541192821,-91.01916691635644
2020-03-01,Ethereum,-91.00135101020385,-90.95577003262247
2020-02-29,Ethereum,-90.93214641572405,-90.57620106557688
2020-02-28,Ethereum,-90.55925495875687,-90.68633327675303
2020-02-27,Ethereum,-90.62601713313906,-91.1325503292758
2020-02-26,Ethereum,-91.11411416697375,-90.22264109237352
2020-02-25,Ethereum,-90.20549662077406,-89.3797867287309
2020-02-24,Ethereum,-89.36119945002376,-89.1213214610252
2020-02-23,Ethereum,-89.1254959719674,-89.18309243383592
2020-02-22,Ethereum,-89.17068322843245,-89.39075883699795
2020-02-21,Ethereum,-89.38399619915455,-89.40010627454838
2020-02-20,Ethereum,-89.38033256900813,-89.4114851705979
2020-02-19,Ethereum,-89.40597922236266,-88.67429145304081
2020-02-18,Ethereum,-88.64594802963916,-88.98721295471255
2020-02-17,Ethereum,-89.87127888590175,-89.19569169323287
2020-02-16,Ethereum,-90.01823716636781,-88.91568775656891
2020-02-15,Ethereum,-88.93253733027846,-88.57025547767189
2020-02-14,Ethereum,-88.5197509411676,-89.15464581381545
2020-02-13,Ethereum,-89.12427476191858,-89.04857713974079
2020-02-12,Ethereum,-89.03512270136694,-90.04301638175947
2020-02-11,Ethereum,-89.99869718442211,-91.11792023148308
2020-02-10,Ethereum,-91.10963618973986,-90.87286655853264
2020-02-09,Ethereum,-90.85927819109784,-90.7456660032822
2020-02-08,Ethereum,-90.71557605665204,-91.05818071717144
2020-02-07,Ethereum,-91.02821887360719,-91.11548198520151
2020-02-06,Ethereum,-91.06363520735215,-91.63078536948302
2020-02-05,Ethereum,-91.64536227897237,-92.26800664877267
2020-02-04,Ethereum,-92.26739052453277,-92.39114304681829
2020-02-03,Ethereum,-92.36468419246472,-92.24687414749357
2020-02-02,Ethereum,-92.21569035486237,-92.60774947964494
2020-02-01,Ethereum,-92.59346665202479,-92.60368532244013
2020-01-31,Ethereum,-92.5694486928452,-92.58986818010904
2020-01-30,Ethereum,-92.5763690901767,-92.9178253271493
2020-01-29,Ethereum,-92.90529512189245,-92.83167065131629
2020-01-28,Ethereum,-92.82509901580859,-92.99951029820167
2020-01-27,Ethereum,-92.97531406345973,-93.21327169696428
2020-01-26,Ethereum,-93.20979571030247,-93.46117040397878
2020-01-25,Ethereum,-93.44916281850527,-93.5217222536487
2020-01-24,Ethereum,-93.5081902484685,-93.56114222214288
2020-01-23,Ethereum,-93.54889890653483,-93.30186461907887
2020-01-22,Ethereum,-93.30261140100053,-93.11451900194096
2020-01-21,Ethereum,-93.10476729795157,-93.17466468393175
2020-01-20,Ethereum,-93.14140546291016,-93.29983316057978
2020-01-19,Ethereum,-93.27940778890844,-92.84833282771142
2020-01-18,Ethereum,-92.83161255017876,-93.13930825253908
2020-01-17,Ethereum,-93.1084315492628,-93.22830796243615
2020-01-16,Ethereum,-93.22730075627672,-93.4851473192186
2020-01-15,Ethereum,-93.46096805603199,-93.46645306422106
2020-01-14,Ethereum,-93.41863132495553,-93.94152414465009
2020-01-13,Ethereum,-93.91649803918064,-94.14675168142722
2020-01-12,Ethereum,-94.13347526121399,-94.1617879468991
2020-01-11,Ethereum,-94.14894475005194,-94.17601187701266
2020-01-10,Ethereum,-94.16156433466612,-94.4495127900869
2020-01-09,Ethereum,-94.43756898666268,-94.30686980168544
2020-01-08,Ethereum,-94.29549554639183,-94.10651875747143
2020-01-07,Ethereum,-94.09643023329406,-94.2081164865588
2020-01-06,Ethereum,-94.20227299273246,-94.32678255972043
2020-01-05,Ethereum,-94.30811513100603,-94.47227058218594
2020-01-04,Ethereum,-94.44652494113046,-94.56411532614703
2020-01-03,Ethereum,-94.54666789212133,-94.74130179047953
2020-01-02,Ethereum,-94.73881280788763,-94.7287031511859
2020-01-01,Ethereum,-94.72130838307822,-94.70757127001012
2019-12-31,Ethereum,-94.69647607681117,-94.65758474082475
2019-12-30,Ethereum,-94.64436904417944,-94.50803318125774
2019-12-29,Ethereum,-94.49700390075205,-94.78519146375433
2019-12-28,Ethereum,-94.77707904585635,-94.81689021567298
2019-12-27,Ethereum,-94.90001936714283,-94.76527870571935
2019-12-26,Ethereum,-94.87762948097338,-94.92824123993827
2019-12-25,Ethereum,-94.91508137185464,-94.85671666189796
2019-12-24,Ethereum,-94.84791233451111,-94.79453890130478
2019-12-23,Ethereum,-94.78399944318785,-94.57793246847812
2019-12-22,Ethereum,-94.56132303387182,-94.82014141741618
2019-12-21,Ethereum,-94.80761053940611,-94.79453890130478
2019-12-20,Ethereum,-94.79173418760682,-94.83233295887568
2019-12-19,Ethereum,-94.82267285470031,-94.77909584805043
2019-12-18,Ethereum,-94.78115016012892,-94.96481648442006
2019-12-17,Ethereum,-94.95945397064979,-94.64173551989124
2019-12-16,Ethereum,-94.63744864684794,-94.25160061225777
2019-12-15,Ethereum,-94.2429816507988,-94.25729006028254
2019-12-14,Ethereum,-94.24745962803269,-94.1227747661874
2019-12-13,Ethereum,-94.11271406921948,-94.11992973212337
2019-12-12,Ethereum,-94.10864295494692,-94.23331314504271
2019-12-11,Ethereum,-94.22018490166802,-94.0711629461821
2019-12-10,Ethereum,-94.06060703658777,-93.99394892011703
2019-12-09,Ethereum,-93.9848889077378,-93.86918661114817
2019-12-08,Ethereum,-93.85177142193473,-93.96672018303069
2019-12-07,Ethereum,-93.9506931628768,-93.93786677522775
2019-12-06,Ethereum,-93.92301157355081,-93.97240963105546
2019-12-05,Ethereum,-93.97104749190997,-94.09595281688354
2019-12-04,Ethereum,-94.08055388149478,-94.09879723084426
2019-12-03,Ethereum,-94.08462499576734,-93.93380261802292
2019-12-02,Ethereum,-93.94336590258398,-93.88015933951851
2019-12-01,Ethereum,-93.86968333087029,-93.9898847629122
2019-11-30,Ethereum,-93.95964911734458,-93.73873485415452
2019-11-29,Ethereum,-93.75407089104145,-93.79766203310785
2019-11-28,Ethereum,-93.79925690517685,-93.80253852567097
2019-11-27,Ethereum,-93.80821285964464,-94.06953765536215
2019-11-26,Ethereum,-94.04228764352605,-93.93339645034376
2019-11-25,Ethereum,-93.98203900351403,-94.38042645832816
2019-11-24,Ethereum,-94.36103651072523,-93.86431011858502
2019-11-23,Ethereum,-93.8790461482994,-93.89682151591364
2019-11-22,Ethereum,-93.8896301757773,-93.40061793420551
2019-11-21,Ethereum,-93.41496769480912,-92.8714967874896
2019-11-20,Ethereum,-92.86010848659222,-92.83288977445707
2019-11-19,Ethereum,-92.88738321295689,-92.74754743398236
2019-11-18,Ethereum,-92.74978774991995,-92.54963525615324
2019-11-17,Ethereum,-92.53851033633413,-92.59352554953139
2019-11-16,Ethereum,-92.57270546003028,-92.64594970489499
2019-11-15,Ethereum,-92.6455736846565,-92.52769041951584
2019-11-14,Ethereum,-92.5694486928452,-92.37407470274401
2019-11-13,Ethereum,-92.36468419246472,-92.4382839218363
2019-11-12,Ethereum,-92.42941080971063,-92.44925665020666
2019-11-11,Ethereum,-92.4334819239832,-92.28751323912851
2019-11-10,Ethereum,-92.29344404084864,-92.51874976974788
2019-11-09,Ethereum,-92.51042126288198,-92.48583220474012
2019-11-08,Ethereum,-92.48029663229356,-92.36147606345038
2019-11-07,Ethereum,-92.33537390896377,-92.26881898413099
2019-11-06,Ethereum,-92.29466525089745,-92.29157739633335
2019-11-05,Ethereum,-92.2559921499674,-92.42446677950521
2019-11-04,Ethereum,-92.42249041237913,-92.62278574511681
2019-11-03,Ethereum,-92.60975048795021,-92.52687746405421
2019-11-02,Ethereum,-92.54013840934425,-92.55654382731878
2019-11-01,Ethereum,-92.55967839128994,-92.61384509534885
2019-10-31,Ethereum,-92.58247514042071,-92.52240713917023
2019-10-30,Ethereum,-92.57392667007909,-92.24037174400719
2019-10-29,Ethereum,-92.22708872942776,-92.50127463789113
2019-10-28,Ethereum,-92.50268651846301,-92.4098366817125
2019-10-27,Ethereum,-92.42411848538927,-92.72722788816489
2019-10-26,Ethereum,-92.74327483671459,-92.51224736626149
2019-10-25,Ethereum,-92.20754874748208,-93.45588712363318
2019-10-24,Ethereum,-93.44427797831005,-93.45101063107005
2019-10-23,Ethereum,-93.44305614709643,-93.04340059157981
2019-10-22,Ethereum,-93.03759826060805,-92.9462725672731
2019-10-21,Ethereum,-92.91750784354532,-92.91579324854689
2019-10-20,Ethereum,-92.90000279757109,-93.08607114171384
2019-10-19,Ethereum,-93.06324491396258,-93.0096700711104
2019-10-18,Ethereum,-93.01235909137966,-92.80159750026922
2019-10-17,Ethereum,-92.79008954502494,-92.93651958214684
2019-10-16,Ethereum,-92.91262238218529,-92.67358460966048
2019-10-15,Ethereum,-92.68383992262522,-92.437471586478
2019-10-14,Ethereum,-92.42167606529166,-92.59311938185223
2019-10-13,Ethereum,-92.57392667007909,-92.60206003162018
2019-10-12,Ethereum,-92.56741313570892,-92.56954863429156
2019-10-11,Ethereum,-92.56334264260117,-92.27044489505424
2019-10-10,Ethereum,-92.26128385312393,-92.19038583492514
2019-10-09,Ethereum,-92.19411481578041,-92.65895451186778
2019-10-08,Ethereum,-92.65208721902667,-92.50574496277511
2019-10-07,Ethereum,-92.50635014860941,-93.09419945612349
2019-10-06,Ethereum,-92.90895875203886,-92.83939217794345
2019-10-05,Ethereum,-92.86255090668983,-92.85971172376092
2019-10-04,Ethereum,-92.88046281562539,-92.9613094528483
2019-10-03,Ethereum,-92.950888620154,-92.70812808559153
2019-10-02,Ethereum,-92.6960526442781,-92.83288977445707
2019-10-01,Ethereum,-92.80840831692183,-92.63904113372946
2019-09-30,Ethereum,-92.62969733285722,-93.10557835217301
2019-09-29,Ethereum,-93.1304139513061,-92.9674050685522
2019-09-28,Ethereum,-92.97938455656747,-92.90685321888226
2019-09-27,Ethereum,-92.90203835470737,-93.3396592967531
2019-09-26,Ethereum,-93.34657682625196,-93.16653698962543
2019-09-25,Ethereum,-93.19066259131812,-92.99341406239444
2019-09-24,Ethereum,-92.9635082047682,-91.8018762181116
2019-09-23,Ethereum,-91.79557732662353,-91.49911510945192
2019-09-22,Ethereum,-91.48537692976598,-91.40686419781167
2019-09-21,Ethereum,-91.40925193795468,-91.08459587869284
2019-09-20,Ethereum,-91.04653764550407,-91.2012304933554
2019-09-19,Ethereum,-91.10027337231075,-91.52959442817814
2019-09-18,Ethereum,-91.55173224118684,-91.39467234630052
2019-09-17,Ethereum,-91.41454426227604,-91.94858336371789
2019-09-16,Ethereum,-91.97835880379587,-92.103011415848
2019-09-15,Ethereum,-92.0903076134783,-92.37651294902558
2019-09-14,Ethereum,-92.35125026076305,-92.66667603849494
2019-09-13,Ethereum,-92.6349896571786,-92.67317844198134
2019-09-12,Ethereum,-92.65330842907548,-92.76461639815996
2019-09-11,Ethereum,-92.76566410171921,-92.67805493454446
2019-09-10,Ethereum,-92.66552115072834,-92.56385918626681
2019-09-09,Ethereum,-92.57189111294281,-92.68333821489007
2019-09-08,Ethereum,-92.65330842907548,-92.75242454664881
2019-09-07,Ethereum,-92.72984090501294,-93.1214275731065
2019-09-06,Ethereum,-93.10517478207771,-92.90929146516383
2019-09-05,Ethereum,-92.91995026364293,-92.91660620400852
2019-09-04,Ethereum,-92.92279954670187,-92.76827376758231
2019-08-16,Ethereum,-92.49006693384881,-92.51874976974788
2019-08-15,Ethereum,-92.38178175431281,-92.36960437786004
2019-08-14,Ethereum,-92.37771064004025,-91.59258452412963
2019-08-13,Ethereum,-91.54725426395295,-91.4950509522471
2019-08-11,Ethereum,-91.26188679452729,-91.61087261144803
2019-08-10,Ethereum,-91.42675636276408,-91.39101497687817
2019-08-06,Ethereum,-90.64392904207462,-90.61480807860941
2019-08-05,Ethereum,-90.75465664170824,-90.8289762651545
2019-08-04,Ethereum,-90.83973758798733,-91.01307130065253
2019-08-03,Ethereum,-91.00094414724252,-91.10979253717676
2019-08-02,Ethereum,-90.93621752999661,-91.2410566295287
2019-08-01,Ethereum,-91.2264698396175,-91.34143523547527
2019-07-31,Ethereum,-91.33638309216363,-91.43206023619227
2019-07-30,Ethereum,-91.43204868708544,-91.6478537135573
2019-07-29,Ethereum,-91.56720173002479,-91.33452666430973
2019-07-28,Ethereum,-91.3371974392511,-91.58526978528494
2019-07-27,Ethereum,-91.59121968920438,-91.00128623692386
2019-07-26,Ethereum,-91.02903322069467,-91.33046250710491
2019-07-25,Ethereum,-91.31073705997392,-91.00697568494863
2019-07-24,Ethereum,-91.01519180486684,-91.6563881956461
2019-07-23,Ethereum,-91.6974693116041,-91.25081023475829
2019-07-22,Ethereum,-91.22809853379245,-90.88749665632535
2019-07-21,Ethereum,-90.85642828687406,-90.74363392467978
2019-07-20,Ethereum,-90.84177314512361,-90.89724964145161
2019-07-19,Ethereum,-91.02333403341197,-90.98624935134868
2019-07-18,Ethereum,-90.92074804115866,-91.35403325466558
2019-07-17,Ethereum,-91.39337558615539,-91.8786840764975
2019-07-16,Ethereum,-92.03168704647639,-90.57091778523126
2019-07-15,Ethereum,-90.66265529809766,-91.15652724451562
2019-07-14,Ethereum,-91.18209755140475,-89.07499354146883
2019-07-13,Ethereum,-89.0579194504977,-88.89455587539314
2019-07-12,Ethereum,-88.87188182730512,-88.96120334076699
2019-07-11,Ethereum,-88.98179445868641,-88.34755280903799
2019-07-10,Ethereum,-88.4008823553185,-87.27021133313615
2019-07-09,Ethereum,-87.30663342772269,-87.28687350953128
2019-07-08,Ethereum,-87.19305592386532,-87.6339304591449
2019-07-07,Ethereum,-87.6233467377856,-88.2719646938962
2019-07-06,Ethereum,-88.31661513496208,-88.16914784166805
2019-07-05,Ethereum,-88.157036648717,-88.42842544473206
2019-07-04,Ethereum,-88.35284643695934,-87.87817179673705
2019-07-03,Ethereum,-87.84480193705282,-87.94725874859913
2019-07-02,Ethereum,-87.9885034503338,-88.32520180472144
2019-07-01,Ethereum,-88.24293256324837,-87.84281598544771
2019-06-30,Ethereum,-87.83096114238982,-87.03491064531195
2019-06-29,Ethereum,-86.98259285736698,-87.58028780074383
2019-06-28,Ethereum,-87.86393505603718,-87.87532676267301
2019-06-27,Ethereum,-87.73773796756561,-86.28633803170534
2019-06-26,Ethereum,-86.42732616502394,-87.10927963731298
2019-06-25,Ethereum,-87.12059456220042,-87.31979107453904
2019-06-24,Ethereum,-87.32658027262971,-87.57134715097588
2019-06-23,Ethereum,-87.54152193752677,-87.20234350441486
2019-06-22,Ethereum,-87.14013516531095,-87.6509994233225
2019-06-21,Ethereum,-87.58141686967045,-88.55684512312328
2019-06-20,Ethereum,-88.58162889651939,-89.15708406009702
2019-06-19,Ethereum,-89.08519479802722,-89.21154029406304
2019-06-18,Ethereum,-89.18818765324184,-89.05060983844652
2019-06-17,Ethereum,-88.9467856090676,-88.99371535819893
2019-06-16,Ethereum,-88.9484130609129,-89.0636146454193
2019-06-15,Ethereum,-89.02779544107412,-89.24567698221159
2019-06-14,Ethereum,-89.19755109183578,-89.70124147228479
2019-06-13,Ethereum,-89.66325761833619,-89.48219679317657
2019-06-12,Ethereum,-89.44383797620524,-90.10031702968621
2019-06-11,Ethereum,-90.06830864186325,-90.04504784025855
2019-06-10,Ethereum,-90.03899835836229,-90.53678109708271
2019-06-09,Ethereum,-90.49330713146216,-90.270188755174
2019-06-08,Ethereum,-90.17577947431178,-89.82722228429112
2019-06-07,Ethereum,-89.88552654352607,-89.99059160629253
2019-06-06,Ethereum,-89.95676669514215,-89.97799358710222
2019-06-05,Ethereum,-89.9685725538337,-90.2120745316823
2019-06-04,Ethereum,-90.19531945625747,-89.89509011301242
2019-06-03,Ethereum,-89.88186291337966,-89.14814341032906
2019-06-02,Ethereum,-89.11572629157696,-89.14855019811154
2019-06-01,Ethereum,-89.10677033710918,-88.99330857041645
2019-05-31,Ethereum,-88.92805873187973,-89.5500633816912
2019-05-30,Ethereum,-89.55252939753775,-88.98883762542916
2019-05-29,Ethereum,-89.05181340025369,-89.07865091089117
2019-05-28,Ethereum,-89.07868126365703,-88.91812600285049
2019-05-27,Ethereum,-88.87758039342297,-89.16196055266015
2019-05-26,Ethereum,-89.23785226577596,-89.85201215499256
2019-05-25,Ethereum,-89.79352519991549,-89.78577085729788
2019-05-24,Ethereum,-89.80329550147074,-90.16574599202261
2019-05-23,Ethereum,-90.13018597605023,-90.06536738607602
2019-05-22,Ethereum,-90.10657487983198,-89.6378445885508
2019-05-21,Ethereum,-89.54479589544843,-89.81340514196003
2019-05-20,Ethereum,-89.8313845749229,-89.93044592430174
2019-05-19,Ethereum,-89.90547400959791,-90.07593394676724
2019-05-18,Ethereum,-90.03289230811828,-90.25393274645803
2019-05-17,Ethereum,-90.22340852970962,-89.64272108111395
2019-05-16,Ethereum,-89.6693636685802,-88.9534818141398
2019-05-15,Ethereum,-89.25291427048776,-91.01632250239572
2019-05-14,Ethereum,-90.99646617000865,-91.73360222171117
2019-05-13,Ethereum,-91.71497373641351,-92.30742661726684
2019-05-12,Ethereum,-92.28774485356594,-92.15259115725091
2019-05-11,Ethereum,-92.26047012720127,-92.94220903017161
2019-05-10,Ethereum,-92.80759459099919,-93.0308019522862
2019-05-09,Ethereum,-93.07545701445062,-92.97756484146095
2019-05-08,Ethereum,-92.99119041525901,-93.1222399084648
2019-05-07,Ethereum,-93.11168769528307,-92.71950698164105
2019-05-06,Ethereum,-92.71111464898989,-93.42256277084292
2019-05-05,Ethereum,-93.42148060801445,-93.41687332281816
2019-05-04,Ethereum,-93.3217445199849,-93.60381339238023
2019-05-03,Ethereum,-93.12105113387699,-93.60381339238023
2019-03-18,Ethereum,-94.39726719155767,-94.34669593785875
2019-03-17,Ethereum,-94.33091250130164,-94.24387908563061
2019-03-16,Ethereum,-94.28735393901154,-94.51778678648733
2019-03-15,Ethereum,-94.42250698195089,-94.60678587628107
2019-03-14,Ethereum,-94.60162482897682,-94.63238870244415
2019-03-13,Ethereum,-94.62401471514627,-94.58727928592522
2019-03-12,Ethereum,-94.55318142649152,-94.59540698023154
2019-03-11,Ethereum,-94.56865091532947,-94.46901938044273
2019-03-10,Ethereum,-94.47502087754394,-94.41131194473351
2019-03-09,Ethereum,-94.40174516879156,-94.56045733662137
2019-03-08,Ethereum,-94.55114586935524,-94.43528948007666
