date,stock_type,close_percentage,open_percentage
2021-11-19,nyse,30.129045823502505,30.04886468365864
2021-11-18,nyse,31.231314338223942,30.618054930071313
2021-11-17,nyse,31.805679860959792,31.45473892168281
2021-11-16,nyse,32.64997127536016,31.323774268932787
2021-11-15,nyse,32.51781584629093,31.415773005285626
2021-11-12,nyse,32.610651067255034,30.828880421377953
2021-11-11,nyse,32.01842225119496,30.613262092677452
2021-11-10,nyse,31.800843445416017,31.33410186901368
2021-11-09,nyse,32.52823734851529,31.51339553536068
2021-11-08,nyse,32.70916121543615,30.99563555027041
2021-11-05,nyse,32.18669357590378,30.437307090149712
2021-11-04,nyse,31.623288598610788,30.747891856375727
2021-11-03,nyse,31.936697309901074,30.029337209942454
2021-11-02,nyse,31.21160931390317,30.150211678705396
2021-11-01,nyse,31.333582815511825,29.279028160961584
2021-10-29,nyse,30.454478193249912,29.739348289854778
2021-10-28,nyse,30.918983713370658,28.549463343177695
2021-10-27,nyse,29.718279917581793,30.25710827494505
2021-10-26,nyse,31.441451352903023,30.43883545625364
2021-10-25,nyse,31.624830861152613,30.08305260116782
2021-10-22,nyse,31.265813104208025,29.786074744818503
2021-10-21,nyse,30.96613502156678,29.908091778532924
2021-10-20,nyse,31.089261476726115,29.064404012153922
2021-10-19,nyse,30.237902606794286,28.105925564415955
2021-10-18,nyse,29.270709338575628,28.179925193156542
2021-10-15,nyse,29.345381797760794,27.211638493042894
2021-10-14,nyse,28.36829109711354,25.455679386184432
2021-10-13,nyse,26.596366197363412,24.91315393480821
2021-10-12,nyse,26.04890791528442,24.82441966974531
2021-10-11,nyse,25.959366847322258,25.486602832403676
2021-10-08,nyse,26.627570810345542,25.445425978632848
2021-10-07,nyse,26.586019562252734,24.128426971477275
2021-10-06,nyse,25.25704594059467,24.04204460959372
2021-10-05,nyse,25.16987816013619,23.065559634990564
2021-10-04,nyse,24.184514643427217,24.01659657203805
2021-10-01,nyse,25.144198740143697,22.658042329212137
2021-09-30,nyse,23.773292048113053,24.17727533277946
2021-09-29,nyse,25.30633844824206,24.054887336418457
2021-09-28,nyse,25.182837657514323,26.113826475247965
2021-09-27,nyse,27.26049738940246,25.653135383708182
2021-09-24,nyse,26.79561753371332,25.86669116009368
2021-09-23,nyse,27.01111503373194,24.232660055914458
2021-09-22,nyse,25.362226748604726,22.958744650533156
2021-09-21,nyse,24.076728459861062,22.83467990300959
2021-09-20,nyse,23.95153567236414,25.054461026145002
2021-09-17,nyse,26.19149982000074,25.938939845142382
2021-09-16,nyse,27.08402062903424,26.319651390078647
2021-09-15,nyse,27.468193736175557,25.334656532362853
2021-09-14,nyse,26.4742429615274,26.384302760125316
2021-09-13,nyse,27.533432939036945,25.837978651248072
2021-09-10,nyse,26.982141460737495,26.594965027867456
2021-09-09,nyse,27.74601062162202,27.110974069265847
2021-09-08,nyse,28.26671139727152,27.643854491830883
2021-09-07,nyse,28.804436954572022,28.46847477817547
2021-09-03,nyse,29.636554976287897,28.597629133210162
2021-09-02,nyse,29.76688364778332,27.98429433185398
2021-09-01,nyse,29.147972192407433,27.683814588120914
2021-08-31,nyse,28.844760382000462,27.784033856722058
2021-08-30,nyse,28.945890879160395,27.974871880630747
2021-08-27,nyse,29.13846406896998,26.832010159034652
2021-08-26,nyse,27.985211049831964,27.73244037183515
2021-08-25,nyse,28.893828288306818,27.187867206649784
2021-08-24,nyse,28.34430367389023,26.484284612632642
2021-08-23,nyse,27.634323861433103,25.48241837375021
2021-08-20,nyse,26.62334830513395,24.81735654095435
2021-08-19,nyse,25.952239498099853,25.738145183799375
2021-08-18,nyse,26.8814002725687,26.929335918992443
2021-08-17,nyse,28.08342172955835,27.9140191680851
2021-08-16,nyse,29.07705806232904,28.152340410756548
2021-08-13,nyse,29.317546204894295,28.175206548291992
2021-08-12,nyse,29.340620249330694,28.207658360615163
2021-08-11,nyse,29.37336712485465,27.580034078112565
2021-08-10,nyse,28.740036263383857,27.07990223798797
2021-08-09,nyse,28.235357050062028,27.24044003292368
2021-08-06,nyse,28.3973545106444,26.840972616576124
2021-08-05,nyse,27.994254997164596,26.07349541631135
2021-08-04,nyse,27.219799626405617,26.977427516495595
2021-08-03,nyse,28.1319505926462,25.934696032465464
2021-08-02,nyse,27.0797382301317,26.13281976275307
2021-07-30,nyse,27.279663370504732,26.853436961501348
2021-07-29,nyse,28.00683267226296,25.914560180008884
2021-07-28,nyse,27.059419295478747,25.514944378602696
2021-07-27,nyse,26.65617004777158,25.85188233124204
2021-07-26,nyse,26.996171557841265,25.753651422426593
2021-07-23,nyse,26.897047499327975,25.020807294846897
2021-07-22,nyse,26.15754009723516,25.382065558596295
2021-07-21,nyse,26.52208304716939,24.002922888884964
2021-07-20,nyse,25.13040073109234,21.95749420964405
2021-07-19,nyse,23.06637430060546,24.327478108381335
2021-07-16,nyse,25.457906919888707,25.348560212356823
2021-07-15,nyse,26.48827305863117,25.68830264260435
2021-07-14,nyse,26.831104545597984,25.931342530140345
2021-07-13,nyse,27.076354236593332,26.67110140145236
2021-07-12,nyse,27.822839253681188,26.368425558851516
2021-07-09,nyse,27.517411376709266,24.28979572274133
2021-07-08,nyse,25.41988191285026,25.806298441229796
2021-07-07,nyse,26.95017320319582,25.680482750014356
2021-07-06,nyse,26.823213551816032,26.684085094082803
2021-07-02,nyse,27.835940998575314,26.42662217884762
2021-07-01,nyse,27.576137140680434,25.7762059513389
2021-06-30,nyse,26.919807101886917,25.717104182485134
2021-06-29,nyse,26.860167959128844,25.915776937489674
2021-06-28,nyse,27.06064711614311,26.562068060368382
2021-06-25,nyse,27.71281454341598,25.801045610154166
2021-06-24,nyse,26.944872611547225,24.88185952594238
2021-06-23,nyse,26.01732896673388,24.968308661102327
2021-06-22,nyse,26.104564127594678,24.686985428438856
2021-06-21,nyse,25.82068300594007,22.65067501105098
2021-06-18,nyse,23.765857743724556,24.684477720947946
2021-06-17,nyse,25.81815249749766,25.680556942543674
2021-06-16,nyse,26.823288418929714,26.53943933892676
2021-06-15,nyse,27.68998007374336,26.589652842768373
2021-06-14,nyse,27.74065013628248,26.836639772864025
2021-06-11,nyse,27.989882757725642,26.506156570275234
2021-06-10,nyse,27.656394686546182,26.267375333922026
2021-06-09,nyse,27.415442367876107,26.76485108149708
2021-06-08,nyse,27.917441338528164,26.762269181476857
2021-06-07,nyse,27.914835962972074,26.941562847823853
2021-06-04,nyse,28.095759829892934,26.361125013966745
2021-06-03,nyse,27.510044452723083,26.677333573914975
2021-06-02,nyse,27.82912809123037,26.44454709393056
2021-06-01,nyse,27.594225035345698,25.778565273771175
2021-05-28,nyse,26.922187876101965,25.59835162006065
2021-05-27,nyse,26.740335656971464,24.990729643461865
2021-05-26,nyse,26.127188969348992,24.521432218521333
2021-05-25,nyse,25.65362452847288,25.08743218617339
2021-05-24,nyse,26.22477076532046,24.406033158421973
2021-05-21,nyse,25.53717621985387,24.21952055897245
2021-05-20,nyse,25.34896778277187,23.329647943093736
2021-05-19,nyse,24.451004134573786,24.12288478953731
2021-05-18,nyse,25.251453367202714,24.770407508402677
2021-05-17,nyse,25.904863588562687,24.712656043582474
2021-05-14,nyse,25.846587027273603,22.936939466166944
2021-05-13,nyse,24.054725015150296,21.883494580903466
2021-05-12,nyse,22.991701841420298,24.25879808399277
2021-05-11,nyse,25.388602432754453,25.48356093870169
2021-05-10,nyse,26.62450125868463,26.042720355150735
2021-05-07,nyse,27.18874474765085,25.048763039893473
2021-05-06,nyse,26.185750025670064,24.20402173959817
2021-05-05,nyse,25.33332804272397,23.754711782055587
2021-05-04,nyse,24.879932802273444,24.027992544541114
2021-05-03,nyse,25.15569832880506,23.223359725594477
2021-04-30,nyse,24.343749507514765,24.413630473424014
2021-04-29,nyse,25.544842612294776,24.00436222395371
2021-04-28,nyse,25.131853153097744,23.63345893139313
2021-04-27,nyse,24.757577478385024,23.389588087528786
2021-04-26,nyse,24.51148927571645,23.12208692307704
2021-04-23,nyse,24.241555897340568,21.78967070832943
2021-04-22,nyse,22.89702488945964,22.48095218098585
2021-04-21,nyse,23.59459173446851,21.136227425624586
2021-04-20,nyse,22.23764027242795,22.374203969804828
2021-04-19,nyse,23.48687293130467,22.972344141156924
2021-04-16,nyse,24.090451601798744,22.444783322943906
2021-04-15,nyse,23.55809401654915,21.558182597608063
2021-04-14,nyse,22.663432008064387,21.644409155180057
2021-04-13,nyse,22.37356151731532,21.38579625574046
2021-04-12,nyse,22.489478269427202,21.225570069427885
2021-04-09,nyse,22.32779525072229,20.69519735435376
2021-04-08,nyse,21.792600201864197,20.3327297523765
2021-04-07,nyse,21.426836917976974,20.629863413037377
2021-04-06,nyse,21.726672221556946,20.571970982411475
2021-04-05,nyse,21.668253412751866,19.674731048371598
2021-04-01,nyse,20.762855460165287,18.531335140564423
2021-03-31,nyse,19.609063397808768,18.716482597474517
2021-03-30,nyse,19.79589427999904,18.608369243754062
2021-03-29,nyse,19.686797921943473,19.145196708878753
2021-03-26,nyse,20.22850640969179,17.07743607831348
2021-03-25,nyse,18.14194497798701,16.060835203108724
2021-03-24,nyse,17.116100812910865,16.592424675663647
2021-03-23,nyse,17.65252368243332,18.150252632981577
2021-03-22,nyse,19.224515955099047,18.231389583042436
2021-03-19,nyse,19.3063906306203,18.435077753028796
2021-03-18,nyse,19.511930804519384,19.514504862059024
2021-03-17,nyse,20.601172441460374,19.044606477631028
2021-03-16,nyse,20.127001576963448,19.851442814698373
2021-03-15,nyse,20.941173951530057,19.3934003964552
2021-03-12,nyse,20.478966851799314,18.88278515193814
2021-03-11,nyse,19.963708915314403,17.92430670420017
2021-03-10,nyse,18.99651564709574,16.81350357452187
2021-03-09,nyse,17.87561270777917,16.15063784059379
2021-03-08,nyse,17.206719967310026,15.872957461119777
2021-03-05,nyse,16.92651482093714,13.65135120176317
2021-03-04,nyse,14.684708942303995,15.47303747034339
2021-03-03,nyse,16.522958618063885,16.06432967123955
2021-03-02,nyse,17.119627053965225,16.44989340759313
2021-03-01,nyse,17.508696470341263,14.039266841296097
2021-02-26,nyse,15.07615164618371,15.529861528547134
2021-02-25,nyse,16.58029934043196,18.05786809547629
2021-02-24,nyse,19.131291425143797,16.688147876988193
2021-02-23,nyse,17.7491172325042,16.54638079196964
2021-02-22,nyse,17.606061151683054,16.7151984731771
2021-02-19,nyse,17.776413782152197,16.1678059918777
2021-02-18,nyse,17.224044217415745,17.01832689020678
2021-02-17,nyse,18.08229834851757,17.173537661537537
2021-02-16,nyse,18.238920350337665,16.772400913280357
2021-02-12,nyse,17.829382265081314,16.216810157491448
2021-02-11,nyse,17.27349394600187,16.04063257737576
2021-02-10,nyse,17.0957144978556,15.816511784815548
2021-02-09,nyse,16.869555920848843,15.68135525415912
2021-02-08,nyse,16.733170499856648,14.48849518705643
2021-02-05,nyse,15.529464532809184,13.77305662685446
2021-02-04,nyse,14.80752095558587,12.737009889715772
2021-02-03,nyse,13.762054120014005,12.201554986383446
2021-02-02,nyse,13.221730673868784,10.891774912330398
2021-02-01,nyse,11.900041622371852,9.380065031235798
2021-01-29,nyse,10.374586747570067,11.448960807499619
2021-01-28,nyse,12.462293646114158,10.067852035761394
2021-01-27,nyse,11.068627351524569,12.952094032205197
2021-01-26,nyse,13.97909388257445,13.468103073603588
2021-01-25,nyse,14.499794658223951,13.59383715303678
2021-01-22,nyse,14.626671955778692,13.167556556594134
2021-01-21,nyse,15.141929892263603,14.738679815165638
2021-01-20,nyse,15.741675366537223,14.475281497585108
2021-01-19,nyse,14.898828887430893,14.162114831338865
2021-01-15,nyse,14.184551702648488,13.57484386553168
2021-01-14,nyse,15.33612021172869,14.442607107673986
2021-01-13,nyse,14.870237136716222,14.089027770708878
2021-01-12,nyse,15.074774091291983,13.737733563646728
2021-01-11,nyse,14.520263327104265,12.653216847105373
2021-01-08,nyse,14.741592975278618,13.88769892315479
2021-01-07,nyse,14.449656152191965,12.94867375660369
2021-01-06,nyse,13.377049987910834,10.878865412229272
2021-01-05,nyse,11.442745805298562,9.239514703698038
2021-01-04,nyse,10.21742570253147,10.931816620402678
2020-12-31,nyse,11.352815428345266,9.925550764531756
2020-12-30,nyse,10.990046829005271,9.765702960118697
2020-12-29,nyse,10.380104453848336,10.161297526435911
2020-12-28,nyse,10.440282639824911,9.981388062095586
2020-12-24,nyse,10.261889281346457,9.30317931310479
2020-12-23,nyse,10.385472425899245,9.37861827691412
2020-12-22,nyse,9.793011521786761,9.162473181255464
2020-12-21,nyse,10.2339039542526,8.320469585291955
2020-12-18,nyse,10.915988280152291,10.35662419836827
2020-12-17,nyse,11.290952732310876,10.075145161393234
2020-12-16,nyse,10.464591991637045,9.59947459818439
2020-12-15,nyse,10.413839575272874,8.664626471033827
2020-12-14,nyse,8.977229504276016,9.745952908814562
2020-12-11,nyse,10.05328704249783,8.892085927413294
2020-12-10,nyse,10.35265816997298,8.720619572909222
2020-12-09,nyse,10.19733885593093,9.903293005736714
2020-12-08,nyse,10.412686621722193,8.673054742364217
2020-12-07,nyse,10.050831401169102,9.215580193740436
2020-12-04,nyse,10.528910329000162,8.637880064215118
2020-12-03,nyse,8.994478887268057,7.961949025874347
2020-12-02,nyse,8.772617682586572,7.15298336321561
2020-12-01,nyse,8.453691265018016,7.756138949549525
2020-11-30,nyse,7.379018768399296,7.433253061962781
2020-11-27,nyse,8.85127307221955,7.957007803421849
2020-11-25,nyse,8.798222235465383,7.78568983397641
2020-11-24,nyse,9.242259086705813,7.568179595778327
2020-11-23,nyse,7.316003118814221,5.862508185290797
2020-11-20,nyse,6.003208280422561,5.246517291385075
2020-11-19,nyse,6.280965272178081,4.580988045654522
2020-11-18,nyse,5.862532973816462,6.259163704777242
2020-11-17,nyse,6.939271802772772,5.456882789009949
2020-11-16,nyse,7.192959017479936,5.953601772785973
2020-11-13,nyse,5.49968202065142,3.664984820950427
2020-11-12,nyse,3.8908850749002424,3.6687834784514477
2020-11-11,nyse,5.219551741392219,4.690466541914402
2020-11-10,nyse,5.0908327128409345,3.8034800154261106
2020-11-09,nyse,4.352253662957763,4.282340857395578
2020-11-06,nyse,1.339511167908631,0.5386896976105405
2020-11-05,nyse,1.1896346930311708,-0.2795426119598654
2020-11-04,nyse,-0.49827433174643754,-1.871328489946096
2020-11-03,nyse,-1.2764131644985088,-2.8974260089034005
2020-11-02,nyse,-2.926836225456174,-4.476376579317823
2020-10-30,nyse,-4.712259665802937,-5.423377442770479
2020-10-29,nyse,-4.152538150503037,-5.7246139503025795
2020-10-28,nyse,-4.818518560250002,-4.461560331213257
2020-10-27,nyse,-1.7331774250646637,-1.8331935298772573
2020-10-26,nyse,-0.8245601865898101,-0.7501977601868939
2020-10-23,nyse,1.1953096202481703,0.34997358004031026
2020-10-22,nyse,0.7817811178326389,-0.8649884415458577
2020-10-21,nyse,-0.029246837959378526,-0.5844219726814204
2020-10-20,nyse,0.3696376570202013,-0.5889032014521556
2020-10-19,nyse,-0.19499514093715434,0.42708187575926776
2020-10-16,nyse,0.9611776956344125,0.16004070498928435
2020-10-15,nyse,0.7153140943068838,-1.4314484028796792
2020-10-14,nyse,0.7606236715064637,0.4544366613183745
2020-10-13,nyse,1.2879951069849183,0.8258667208371053
2020-10-12,nyse,2.1536835424752394,0.9648961015238701
2020-10-09,nyse,1.5997866886197007,0.7162398395185914
2020-10-08,nyse,1.1241634021173694,-0.35262967258985195
2020-10-07,nyse,-0.012379277247109277,-1.6105194916387244
2020-10-06,nyse,-1.5797747091328407,-1.2656726153742055
2020-10-05,nyse,-0.7228981329227421,-2.4315562788173057
2020-10-02,nyse,-2.255106021378529,-4.622394896266231
2020-10-01,nyse,-2.431051225239621,-3.0608424739765994
2020-09-30,nyse,-2.6223292139825265,-3.9437261535936714
2020-09-29,nyse,-3.383218663742557,-3.8109289453695183
2020-09-28,nyse,-2.809002875234067,-3.8935868422813726
2020-09-25,nyse,-4.282178044552596,-6.5994477404887775
2020-09-24,nyse,-5.200917316797084,-6.442256028625258
2020-09-23,nyse,-5.2498280021647075,-4.041882869879807
2020-09-22,nyse,-3.3839823083021003,-4.462317095012288
2020-09-21,nyse,-3.696462667382746,-4.141256343646738
2020-09-18,nyse,-1.6128135664001484,-1.7089803972950592
2020-09-17,nyse,-0.7320993011941043,-2.251654233729912
2020-09-16,nyse,-0.35330165281506526,-1.1327196028384876
2020-09-15,nyse,-0.5885116638658255,-1.1515645052849566
2020-09-14,nyse,-0.8529198492520719,-2.2353986505565997
2020-09-11,nyse,-2.0768623971274387,-2.906462658974187
2020-09-10,nyse,-2.585524540897078,-1.808502256120624
2020-09-09,nyse,-1.2124017823014817,-2.7069589476412936
2020-09-08,nyse,-2.7282736665521323,-2.9249291795211407
2020-09-04,nyse,-0.972055887252223,-1.0641953827614845
2020-09-03,nyse,-0.5964850114728236,0.693292090200903
2020-09-02,nyse,1.7847009726997445,-0.22666559631577704
2020-09-01,nyse,0.5350790048318861,-0.9914867040310136
2020-08-31,nyse,0.012686232413200285,-0.21390448127328623
2020-08-28,nyse,0.9737478840214077,-0.3584018513706996
2020-08-27,nyse,0.1906229014981995,-0.7323396183803386
2020-08-26,nyse,-0.01076963430297351,-1.1879559409148504
2020-08-25,nyse,-0.3216403504394831,-1.0077422872043262
2020-08-24,nyse,-0.5448117296103814,-1.9570282805599397
2020-08-21,nyse,-1.8006401812023725,-2.8906670694826393
2020-08-20,nyse,-1.7715842543828801,-3.1244328908540346
2020-08-19,nyse,-1.4111140754328846,-1.7585113298669595
2020-08-18,nyse,-1.0243430794468473,-1.4784716279606713
2020-08-17,nyse,-0.8267013860410791,-1.673197340405563
2020-08-14,nyse,-1.0843715311960596,-2.262516020021893
2020-08-13,nyse,-0.9567231023704088,-1.8297732542757528
2020-08-12,nyse,-0.5299356341220197,-1.3496214622961726
2020-08-11,nyse,-1.4916860631760898,-1.3938402097689897
2020-08-10,nyse,-1.5327057547617637,-2.7712319357884434
2020-08-07,nyse,-2.1320619200442437,-3.844812673508504
2020-08-06,nyse,-2.4131879319153975,-3.49222009718331
2020-08-05,nyse,-2.394942816311403,-3.4893340077928867
2020-08-04,nyse,-3.3107697578337114,-4.561920565620102
2020-08-03,nyse,-3.8878978770643813,-4.933202240080199
2020-07-31,nyse,-4.438036401813147,-4.962678931977766
2020-07-30,nyse,-3.914954851948598,-5.098443841374592
2020-07-29,nyse,-2.8697201044291423,-4.779356611288868
2020-07-28,nyse,-4.237407510571517,-4.913222191935183
2020-07-27,nyse,-3.7627799566811393,-5.177837266996507
2020-07-24,nyse,-4.463101911473457,-5.119566454471087
2020-07-23,nyse,-4.086759904423146,-4.523251419340182
2020-07-22,nyse,-3.6405743670200783,-4.967620154430266
2020-07-21,nyse,-4.103552598021734,-5.093732615762975
2020-07-20,nyse,-4.9905482140655915,-5.693386314713135
2020-07-17,nyse,-4.915726020653067,-5.825508370920505
2020-07-16,nyse,-5.319207356412643,-6.475687182335411
2020-07-15,nyse,-5.003275623391317,-5.963090997285592
2020-07-14,nyse,-6.437737008225537,-8.912674354298709
2020-07-13,nyse,-7.8908253309435255,-7.618548903931506
2020-07-10,nyse,-7.423864169494054,-9.323767739990203
2020-07-09,nyse,-8.550442036027627,-8.154233804104717
2020-07-08,nyse,-7.340993761360851,-8.653148886748516
2020-07-07,nyse,-8.07888403379816,-8.405175196012953
2020-07-06,nyse,-6.776593051455905,-7.454902442017425
2020-07-02,nyse,-8.068305310635072,-8.158336650975937
2020-07-01,nyse,-8.758048542264302,-9.53246390570545
2020-06-30,nyse,-8.817612817908692,-10.832213149794866
2020-06-29,nyse,-9.712282313104826,-11.24003464494349
2020-06-26,nyse,-11.035887962711985,-10.379030342221943
2020-06-25,nyse,-9.03740769025259,-11.260400494240953
2020-06-24,nyse,-10.099742086536725,-9.164298317476659
2020-06-23,nyse,-7.407303563947876,-7.636629623326012
2020-06-22,nyse,-7.78165410577428,-9.111042919933055
2020-06-19,nyse,-8.155697692434591,-7.006512471838371
2020-06-18,nyse,-7.446788479703096,-8.874309397388986
2020-06-17,nyse,-7.340222630089939,-7.362822093882336
2020-06-16,nyse,-6.765400417960636,-6.5215752617178575
2020-06-15,nyse,-8.44096385569229,-12.1308198289328
2020-06-12,nyse,-9.021618215977323,-8.836167018067217
2020-06-11,nyse,-10.616227843686001,-8.147474864683955
2020-06-10,nyse,-4.559395993089615,-4.14748851610935
2020-06-09,nyse,-3.2538108577454086,-4.0033695279114525
2020-06-08,nyse,-1.5895897877363852,-3.251687917138222
2020-06-05,nyse,-3.085756647666267,-3.962489444257891
2020-06-04,nyse,-5.803185812801745,-7.0336298413036635
2020-06-03,nyse,-5.686580283244003,-7.502237275721549
2020-06-02,nyse,-7.647492238058405,-9.590126339490473
2020-06-01,nyse,-8.768088222208888,-10.352291354656169
2020-05-29,nyse,-9.514026709366876,-10.724181407856664
2020-05-28,nyse,-9.498926012537472,-9.319360703748785
2020-05-27,nyse,-9.248847392709719,-10.446196839012451
2020-05-26,nyse,-11.046848508154843,-11.59353978937928
2020-05-22,nyse,-13.12467294769308,-13.959799223144865
2020-05-21,nyse,-12.974182562483438,-13.436801245484828
2020-05-20,nyse,-12.449566236788435,-13.325193423633555
2020-05-19,nyse,-13.76098352028837,-13.586388223093374
2020-05-18,nyse,-12.586026524894306,-14.280333207552264
2020-05-15,nyse,-16.07354630806118,-16.981022886466288
2020-05-14,nyse,-16.22618537943346,-18.99796163444955
2020-05-13,nyse,-16.977259750589944,-16.161878008785287
2020-05-12,nyse,-15.243584459219303,-13.904036118110351
2020-05-11,nyse,-13.512664277632114,-14.573890788300076
2020-05-08,nyse,-12.953174850384624,-14.29241175132504
2020-05-07,nyse,-14.736913780673571,-15.358847748471893
2020-05-06,nyse,-15.66975801713551,-14.933850682786428
2020-05-05,nyse,-14.63165061883846,-14.993872439003725
2020-05-04,nyse,-15.238216487168394,-16.68959463130987
2020-05-01,nyse,-15.220660149010262,-15.222548652863988
2020-04-30,nyse,-12.815179786448297,-12.834254037891313
2020-04-29,nyse,-10.930085757658373,-12.278359092732204
2020-04-28,nyse,-13.218735989321553,-12.916689357215215
2020-04-27,nyse,-13.63931697384581,-15.623989590491366
2020-04-24,nyse,-15.532451730645045,-16.42421537319658
2020-04-23,nyse,-16.308449363945847,-16.724005126407004
2020-04-22,nyse,-16.37070136897138,-17.037550174552763
2020-04-21,nyse,-17.920226020821516,-18.225009025521192
2020-04-20,nyse,-15.639938445756474,-16.301293190624495
2020-04-17,nyse,-14.072849969036833,-15.659772647380862
2020-04-16,nyse,-17.064734486214512,-17.319711782797512
2020-04-15,nyse,-16.86625428113552,-17.478194444671143
2020-04-14,nyse,-14.349528874355352,-15.281123654759607
2020-04-13,nyse,-16.05660388023523,-15.39166310418872
2020-04-09,nyse,-14.622374583453418,-15.895289412444136
2020-04-08,nyse,-16.41646763556441,-19.153098213250992
2020-04-07,nyse,-19.218915894995728,-17.233329420913954
2020-04-06,nyse,-19.38604175286523,-22.02017205841089
2020-04-03,nyse,-24.25121375500538,-23.932113538905003
2020-04-02,nyse,-22.857921795984197,-25.430305541158084
2020-04-01,nyse,-24.52551937282022,-24.655075221579697
2020-03-31,nyse,-21.02182080638694,-21.081139472606857
2020-03-30,nyse,-20.00318634435825,-22.217702248463954
2020-03-27,nyse,-21.900850561535172,-22.9956628531212
2020-03-26,nyse,-19.22474055644009,-23.567360807024787
2020-03-25,nyse,-23.63215256540213,-25.927699676950887
2020-03-24,nyse,-25.955526164390434,-29.522446430397093
2020-03-23,nyse,-32.70916121543615,-31.51339553536068
2020-03-20,nyse,-29.981610016531036,-27.233673674249985
2020-03-19,nyse,-27.465887829074187,-29.24043320721098
2020-03-18,nyse,-28.05397649374772,-27.350749485511905
2020-03-17,nyse,-22.85033027065697,-26.107149147609448
2020-03-16,nyse,-26.65155823356885,-17.554085982909307
2020-03-13,nyse,-16.804458965503443,-20.642698720609186
2020-03-12,nyse,-22.87026738303015,-20.4811815842865
2020-03-11,nyse,-14.310508134704955,-12.448994490907928
2020-03-10,nyse,-9.588167612044906,-11.603570619342912
2020-03-09,nyse,-13.381804049629558,-10.742106322939602
2020-03-06,nyse,-5.304488481863012,-4.326782182456346
2020-03-05,nyse,-3.4568879036043985,-3.2036705121643845
2020-03-04,nyse,-0.2605412989646365,-3.5398517010047
2020-03-03,nyse,-3.8424310789260714,-2.4120362243540536
2020-03-02,nyse,-1.6555926351573196,-5.478539588317526
2020-02-28,nyse,-5.082627277181525,-4.674589340640605
2020-02-27,nyse,-3.8078574458283088,-2.4398361650890616
2020-02-26,nyse,0.02050984579283693,0.2413260401087781
2020-02-25,nyse,0.7649959109454185,3.0971597170771763
2020-02-24,nyse,3.757876160735051,3.7337390378683124
2020-02-21,nyse,7.143816244059903,6.473557856744019
2020-02-20,nyse,7.800827573587915,6.826150433069213
2020-02-19,nyse,7.997466047670362,6.951276133762008
2020-02-18,nyse,7.628558345008547,6.726398577402766
2020-02-14,nyse,8.075739615023569,7.1583771600969435
2020-02-13,nyse,8.088773979515384,6.888524092465853
2020-02-12,nyse,8.379640202876402,7.257602248805241
2020-02-11,nyse,7.744093274840656,6.244503260984241
2020-02-10,nyse,7.210515355638068,5.633216173437205
2020-02-07,nyse,6.807640443499305,6.267517783578315
2020-02-06,nyse,7.5974360858514665,6.87067336991223
2020-02-05,nyse,7.520083383996533,6.088906688501034
2020-02-04,nyse,6.277970587630851,5.041233982018402
2020-02-03,nyse,4.860301896395219,3.748095292291114
2020-01-31,nyse,4.37103033506889,4.71994323381197
2020-01-30,nyse,6.270918105522128,4.426615649905042
2020-01-29,nyse,6.132077043201207,5.69984848401663
2020-01-28,nyse,6.391124743247913,4.939056030643296
2020-01-27,nyse,5.563154359629945,4.437477436197022
2020-01-24,nyse,7.164434647167576,7.274236213878068
2020-01-23,nyse,8.111773156838106,6.85076751429653
2020-01-22,nyse,8.174639072195818,7.485974273295303
2020-01-21,nyse,8.17264760697191,7.320584286942278
2020-01-17,nyse,8.733978765215946,7.639819902086635
2020-01-16,nyse,8.416437389250483,7.14896212812664
2020-01-15,nyse,7.737579835950433,6.531828669269439
2020-01-14,nyse,7.614146425625007,6.5464965323153725
2020-01-13,nyse,7.656468804988725,6.214032389193829
2020-01-10,nyse,7.007273602128981,6.500074266721846
2020-01-09,nyse,7.311481145147905,6.165414024732525
2020-01-08,nyse,6.826888778426622,5.579960775893601
2020-01-07,nyse,6.5509735176676465,5.687695747714536
2020-01-06,nyse,6.883308635296423,5.2738646576912505
2020-01-03,nyse,6.693565422383972,5.43159055576585
2020-01-02,nyse,7.348585286688077,5.701673620237822
2019-12-31,nyse,6.6627501183929825,5.242562829572489
2019-12-30,nyse,6.380014463577692,5.992115114754327
2019-12-27,nyse,6.901246795734327,6.186529218576088
2019-12-26,nyse,6.872729912133336,5.687465750873654
2019-12-24,nyse,6.525593566129878,5.6251662840063315
2019-12-23,nyse,6.562780061495098,5.654872972744781
2019-12-20,nyse,6.480441209869029,5.083553400740708
2019-12-19,nyse,6.039009734184687,4.856093944361241
2019-12-18,nyse,5.790158935021298,4.882454550027504
2019-12-17,nyse,5.760563964983303,4.806103018107577
2019-12-16,nyse,5.759036675864217,4.703539265580023
2019-12-13,nyse,5.009182638660726,4.168685321735161
2019-12-12,nyse,5.009721681879228,3.230038537083578
2019-12-11,nyse,4.108995437186323,2.974690108933923
2019-12-10,nyse,3.843658899590436,2.951215592658085
2019-12-09,nyse,3.918488579714329,3.0996674245680844
2019-12-06,nyse,4.17316404032208,2.6813625250269952
2019-12-05,nyse,3.3606013086996076,2.3109934186774943
2019-12-04,nyse,3.174077381675428,1.8654079261066148
2019-12-03,nyse,2.469690142610247,1.5279357872561867
2019-12-02,nyse,3.0996370105426747,2.9762110557849177
2019-11-29,nyse,3.842895255030893,3.292033814580702
2019-11-27,nyse,4.321356005141723,3.1526928252708064
2019-11-26,nyse,3.954057945424045,2.811117839549159
2019-11-25,nyse,3.748442904411279,2.3473774350544563
2019-11-22,nyse,3.0435989759526456,1.8972365211835251
2019-11-21,nyse,2.7788763486889403,1.9584750348816176
2019-11-20,nyse,2.87761858492246,2.262441827492576
2019-11-19,nyse,3.2383208519248656,2.486110045623954
2019-11-18,nyse,3.3721757644746484,2.4762350199718868
2019-11-15,nyse,3.4423262499934957,2.0529072861960493
2019-11-14,nyse,2.6683275686279693,1.6904396842187892
2019-11-13,nyse,2.615044643821391,1.7099671579349724
2019-11-12,nyse,2.63474966814216,1.7430125104926784
2019-11-11,nyse,2.638582864362614,1.4036410428917399
2019-11-08,nyse,2.7894550718520277,1.6242673673211288
2019-11-07,nyse,2.695541764450916,1.6287485960918642
2019-11-06,nyse,2.3583777179897325,1.346965369746631
2019-11-05,nyse,2.2665307429262085,1.562732083505769
2019-11-04,nyse,2.3880475551414073,1.2051982847280762
2019-11-01,nyse,1.9650857964021038,0.521439934544383
2019-10-31,nyse,0.9802613229116315,0.5841177833112216
2019-10-30,nyse,1.5337763544873981,0.4051283063344246
2019-10-29,nyse,1.2702066807743762,0.06347912808346007
2019-10-28,nyse,1.0923448788030576,0.16224422310999354
2019-10-25,nyse,0.784236759161367,-0.4279944438698645
2019-10-24,nyse,0.5746387877007857,-0.32588326577114307
2019-10-23,nyse,0.5400576678916549,-0.6546229439209832
2019-10-22,nyse,0.21401138781206064,-0.4977354214276631
2019-10-21,nyse,0.3424234611972547,-1.0886566596772358
2019-10-18,nyse,-0.2859961176160859,-0.9882222327410742
2019-10-17,nyse,-0.03614209912937408,-1.0031126733749574
2019-10-16,nyse,-0.37607622879674435,-1.2542024503418272
2019-10-15,nyse,-0.29059295839608285,-2.0171984218358703
2019-10-14,nyse,-1.132518572004139,-1.8162479561812988
2019-10-11,nyse,-0.8971588267260173,-3.0126766839441284
2019-10-10,nyse,-2.1308340993798796,-3.6008602178619107
2019-10-09,nyse,-2.7045857117835483,-4.10303977179565
2019-10-08,nyse,-3.473141553984486,-3.251613724608905
2019-10-07,nyse,-2.0408288553129017,-2.630985797620883
2019-10-04,nyse,-1.6283035722206924,-3.5906068103103284
2019-10-03,nyse,-2.745912358535313,-4.370162554347883
2019-10-02,nyse,-3.33882995204125,-3.1943296727233985
2019-10-01,nyse,-1.599172778287519,-1.2172026359715356
2019-09-30,nyse,-0.3005577712269885,-1.3193138140702572
2019-09-27,nyse,-0.551706990780377,-0.8307263315073563
2019-09-26,nyse,-0.11656435264521797,-0.9142967965298076
2019-09-25,nyse,-0.048562553289007764,-1.3025240446858635
2019-09-24,nyse,-0.3962379425109659,-0.5683147745667416
2019-09-23,nyse,0.31727559771189634,-0.5905799526147153
2019-09-20,nyse,0.38220784540719643,-0.10738626693314644
2019-09-19,nyse,0.5159878908432991,-0.314034718839249
2019-09-18,nyse,0.5777757197640083,-0.40201222010311877
2019-09-17,nyse,0.6705435603258052,-0.567328013926828
2019-09-16,nyse,0.4909223811829895,-0.21686476319302686
2019-09-13,nyse,0.6163397700209542,-0.08923135500932378
2019-09-12,nyse,0.5527850772173796,-0.5038117895787096
2019-09-11,nyse,0.29489033072135695,-1.1716187459592895
2019-09-10,nyse,-0.38320357801915017,-1.5821779454397042
2019-09-09,nyse,-0.6380362595656308,-1.424689463458918
2019-09-06,nyse,-0.8476342310262122,-1.7400522285729378
2019-09-05,nyse,-0.9673841793585454,-2.782323718921306
2019-09-04,nyse,-1.8983866848239384,-3.0791531902119873
2019-09-03,nyse,-2.917402969132401,-3.360706419716338
2019-08-30,nyse,-2.3540803456644586,-3.2089901165163996
2019-08-29,nyse,-2.60591834266371,-3.8391146872569735
2019-08-28,nyse,-3.7160104707647847,-5.281461972693291
2019-08-27,nyse,-4.369038869844983,-4.562224754990301
2019-08-26,nyse,-4.0196789705652085,-5.559824923437019
2019-08-23,nyse,-4.810620079756685,-3.940001688621967
2019-08-22,nyse,-2.7252864687162712,-3.3301687746495405
2019-08-21,nyse,-2.659740310688789,-3.5767031303163583
2019-08-20,nyse,-3.4079772182367756,-3.6059498253730435
2019-08-19,nyse,-2.7295014872164964,-3.6065582041134414
2019-08-16,nyse,-3.5536386746140103,-5.472455800913548
2019-08-15,nyse,-4.863596049397172,-5.897757055969212
2019-08-14,nyse,-5.181676468581136,-3.960137541078549
2019-08-13,nyse,-2.450059985403159,-4.3515550679952275
2019-08-12,nyse,-3.508943007746613,-3.5993392710109164
2019-08-09,nyse,-2.265609877427936,-2.5354109813549726
2019-08-08,nyse,-1.6492289304944574,-4.023497961115101
2019-08-07,nyse,-3.1508461163002965,-4.06445223729798
2019-08-06,nyse,-3.187725656499426,-5.054002516313824
2019-08-05,nyse,-4.190720378480211,-2.4541998387647954
2019-08-02,nyse,-1.5672793878595264,-1.8364580011671967
2019-08-01,nyse,-0.9439208259310035,-0.7289267620317653
2019-07-31,nyse,0.17368047367224954,0.18738807129545942
2019-07-30,nyse,1.098326761186148,0.4574711357674319
2019-07-29,nyse,1.369720048278807,0.5541885169848215
2019-07-26,nyse,1.468537151626007,0.05117058746980179
2019-07-25,nyse,0.9608707404683215,0.5499298658020368
2019-07-24,nyse,1.4641649121870521,0.07601024628506876
2019-07-23,nyse,1.1773639730988985,-0.3999570870410431
2019-07-22,nyse,0.5046380364092998,-0.38407988576724644
2019-07-19,nyse,0.5216628180602987,0.04676355122838345
2019-07-18,nyse,0.956423633915686,-0.4045941201233436
2019-07-17,nyse,0.582836736648826,0.24801820625315413
2019-07-16,nyse,1.1595081664860436,0.5349652326388369
2019-07-15,nyse,1.4523583683596006,0.5486389157919244
2019-07-12,nyse,1.4628622244090073,0.28341546199020273
2019-07-11,nyse,1.1865651413702607,0.08140404316640064
2019-07-10,nyse,0.9913790892932204,-0.1867796925550616
2019-07-09,nyse,0.7125514978120647,-0.11650452878618203
2019-07-08,nyse,0.7917459306635446,0.3671417313242194
2019-07-05,nyse,1.2800217593779202,0.5261511601560002
2019-07-03,nyse,1.502040184998135,-0.07593605375575196
2019-07-02,nyse,0.832608401310489,-0.26480055638461586
2019-07-01,nyse,0.6420266767248138,-0.8572427414851831
2019-06-28,nyse,0.044197800561420995,-1.4966339591374258
2019-06-27,nyse,-0.6027663623106372,-1.9030161192173045
2019-06-26,nyse,-1.0114659358937612,-1.7161919111446526
2019-06-25,nyse,-0.8225612346545345,-1.0831070584843385
2019-06-24,nyse,-0.18372015361683589,-0.8760060321494036
2019-06-21,nyse,0.025263907511563505,-0.7155498489959451
2019-06-20,nyse,0.28821967089240363,-1.5837730848200158
2019-06-19,nyse,-0.6889384101571614,-1.8102531998125009
2019-06-18,nyse,-1.0463465241576149,-2.4696986581390763
2019-06-17,nyse,-2.0578536369639004,-2.8327746388567348
2019-06-14,nyse,-1.9679981271242843,-2.6868305144376436
2019-06-13,nyse,-1.659276097150412,-2.629546462552137
2019-06-12,nyse,-1.9864753307806893,-2.7706235570480455
2019-06-11,nyse,-1.7635360396622013,-2.244056918727871
2019-06-10,nyse,-1.8546118834548133,-2.5910998938601675
2019-06-07,nyse,-2.131904699105514,-3.321280509637387
2019-06-06,nyse,-2.8234147946176087,-4.0376316379499535
2019-06-05,nyse,-3.290757778346851,-4.217993676719111
2019-06-04,nyse,-3.7056638356541076,-6.2353033873489565
2019-06-03,nyse,-5.382762049216218,-6.6403204048894064
2019-05-31,nyse,-5.975604775608474,-6.699043791843659
2019-05-30,nyse,-4.985337462953413,-5.773996497815846
2019-05-29,nyse,-5.0424535839804445,-5.806663468474036
2019-05-28,nyse,-4.431515476211555,-4.2912291224077315
2019-05-24,nyse,-3.546354104452875,-4.307714702421926
2019-05-23,nyse,-3.978434677638492,-4.506765839325987
2019-05-22,nyse,-2.851549855938828,-3.6469041015559216
2019-05-21,nyse,-2.4779704453833364,-3.7547058466532417
2019-05-20,nyse,-3.2746613489054934,-4.154781641741192
2019-05-17,nyse,-2.961641946606347,-3.8758103122570655
2019-05-16,nyse,-2.3427304912304594,-3.6960566522283056
2019-05-15,nyse,-3.0025792843669716,-4.580305474384807
2019-05-14,nyse,-3.250127395752317,-4.570200451891857
2019-05-13,nyse,-3.9653254460329954,-4.143007287338615
2019-05-10,nyse,-1.9611028659542884,-3.4983706578636737
2019-05-09,nyse,-2.3964775921418577,-3.714515753522327
2019-05-08,nyse,-2.1255409944426518,-3.0053093657829693
2019-05-07,nyse,-2.0350041938685406,-2.1233382542764945
2019-05-06,nyse,-0.5157558027908887,-0.947119571499563
2019-05-03,nyse,-0.04649622095141951,-1.4072097035518782
2019-05-02,nyse,-0.876922245898115,-1.69803699922083
2019-05-01,nyse,-0.7498877274046465,-0.7328738045914195
2019-04-30,nyse,0.1280714280179467,-1.0259046183810805
2019-04-29,nyse,-0.2751104392869072,-1.290133892289957
2019-04-26,nyse,-0.40436102434532545,-1.8148828136418695
2019-04-25,nyse,-1.0041813657326257,-1.9408468899159443
2019-04-24,nyse,-0.7077225689796575,-1.2815498166480022
2019-04-23,nyse,-0.3840495764037425,-1.86798982612684
2019-04-22,nyse,-0.9940593319629907,-1.9915203874393235
2019-04-18,nyse,-0.9294340394337816,-1.9021035511067077
2019-04-17,nyse,-1.0490267668273852,-1.3539543060082742
2019-04-16,nyse,-0.7030433743746116,-1.3389896728450743
2019-04-15,nyse,-0.6690087844953502,-1.3924008747002437
2019-04-12,nyse,-0.5704162824891923,-1.5717687335765562
2019-04-11,nyse,-1.2022797485318466,-2.0507037680753406
2019-04-10,nyse,-1.2004380175353004,-2.242765968717759
2019-04-09,nyse,-1.4890806876200002,-2.055036611787442
2019-04-08,nyse,-0.7712772617832321,-1.7839593674226242
2019-04-05,nyse,-0.8910272101155652,-2.0753950418319738
2019-04-04,nyse,-1.3431871431903548,-2.5012230638457877
2019-04-03,nyse,-1.612588965059106,-2.6095664144071207
2019-04-02,nyse,-1.724133477732031,-2.4471292907209037
2019-04-01,nyse,-1.5939545404639717,-2.9379202914045135
2019-03-29,nyse,-2.660736043300743,-3.5766289377870417
2019-03-28,nyse,-3.153683579908796,-4.264638519900588
2019-03-27,nyse,-3.4669350702603534,-4.006025620460994
2019-03-26,nyse,-3.0863705579984484,-4.285605328685517
2019-03-25,nyse,-3.896560002117242,-4.832307819462273
2019-03-22,nyse,-3.8679607646912015,-3.443675925251324
2019-03-21,nyse,-2.004031668938821,-3.8258193860034013
2019-03-20,nyse,-2.6348994023695216,-3.1371940058965255
2019-03-19,nyse,-2.170775704528551,-2.5559252157110692
2019-03-18,nyse,-2.0126189268780013,-3.2689376802043797
2019-03-15,nyse,-2.5159205853081,-3.6730347103813004
2019-03-14,nyse,-2.9422438774516686,-3.751285571051737
2019-03-13,nyse,-2.834150738719426,-4.10904194741738
2019-03-12,nyse,-3.5352438247826545,-4.450394355551078
2019-03-11,nyse,-3.700453084541929,-5.566212900211196
2019-03-08,nyse,-4.82074211352632,-6.061551902941926
2019-03-07,nyse,-4.603784704790923,-4.930850336900856
2019-03-06,nyse,-3.8787715759066996,-4.102965579266334
2019-03-05,nyse,-3.2158607178206458,-3.9836862498837036
2019-03-04,nyse,-3.117732391919308,-3.294081528389846
2019-03-01,nyse,-2.63168011648125,-3.5275431603910423
2019-02-28,nyse,-3.0599274934464136,-3.73267066544615
2019-02-27,nyse,-2.714475657500773,-3.659056837858014
2019-02-26,nyse,-2.7398556090385418,-3.625625684147861
2019-02-25,nyse,-2.635356091762974,-3.161506897753643
2019-02-22,nyse,-2.678831424677376,-3.860615682252984
2019-02-21,nyse,-3.236561474753368,-3.939170732293619
2019-02-20,nyse,-2.838747579499423,-4.064066436145532
2019-02-19,nyse,-3.186033659730241,-4.519378569309844
2019-02-15,nyse,-3.3768549590796946,-5.007120257038534
2019-02-14,nyse,-4.6283935250577795,-5.624327908425052
2019-02-13,nyse,-4.36260029806844,-5.31527150830296
2019-02-12,nyse,-4.642034313170409,-6.049020784740318
2019-02-11,nyse,-5.719469406283949,-6.51655984673604
2019-02-08,nyse,-5.763633516644213,-6.911086040631094
2019-02-07,nyse,-5.74002042898931,-6.206969260402868
2019-02-06,nyse,-4.946930633635197,-5.7520429283910035
2019-02-05,nyse,-4.720083279182575,-5.7246139503025795
2019-02-04,nyse,-5.076031484466252,-6.435341284892932
2019-02-01,nyse,-5.475754491119058,-6.4598841735909325
2019-01-31,nyse,-5.710807281231088,-7.138092922581728
2019-01-30,nyse,-6.298364389397484,-7.84449483271291
2019-01-29,nyse,-7.307333507049993,-8.221244496583656
2019-01-28,nyse,-7.504129202071169,-8.523311960444104
2019-01-25,nyse,-7.027742271009293,-8.023944303371472
2019-01-24,nyse,-7.777513954387735,-8.785189331173639
2019-01-23,nyse,-7.842835511074176,-8.49376107601722
2019-01-22,nyse,-8.00811963794713,-8.259379456652495
2019-01-18,nyse,-6.8397659219797085,-8.293567374161679
2019-01-17,nyse,-8.045148912373621,-9.790846808304162
2019-01-16,nyse,-8.711586011514038,-9.706141197583165
2019-01-15,nyse,-9.010043760202283,-10.366647609078969
2019-01-14,nyse,-9.54338959135246,-10.47696448092013
2019-01-11,nyse,-9.168507493018922,-10.300401099651992
2019-01-10,nyse,-9.235206604597087,-10.871720671656066
2019-01-09,nyse,-9.702010545107829,-10.75692257104417
2019-01-08,nyse,-10.178779298449477,-11.249152906796525
2019-01-07,nyse,-11.024156285998215,-12.33192609889894
2019-01-04,nyse,-11.580890603462251,-14.116835130696817
2019-01-03,nyse,-14.209692079422478,-13.803141697492427
2019-01-02,nyse,-12.729389560881543,-14.615527635752667
2018-12-31,nyse,-12.79946517928671,-13.859817370637534
2018-12-28,nyse,-13.439144771997633,-13.817119570015713
2018-12-27,nyse,-13.482388016859625,-15.807541908021147
2018-12-26,nyse,-14.105050314630919,-17.937832002294627
2018-12-24,nyse,-17.434256099208508,-16.610119593905708
2018-12-21,nyse,-15.38725445037263,-14.915391581492408
2018-12-20,nyse,-13.96168727864368,-13.858986414309188
2018-12-19,nyse,-12.81901298266875,-12.32561973390701
2018-12-18,nyse,-11.819926324022099,-11.916047295066507
2018-12-17,nyse,-11.590241505960975,-10.988796482917987
2018-12-14,nyse,-9.878644526414783,-10.007066096492133
2018-12-13,nyse,-8.492712004668414,-9.012352017435838
2018-12-12,nyse,-8.43805152497011,-8.961604327383142
2018-12-11,nyse,-9.07159950107058,-8.963043662451888
2018-12-10,nyse,-8.852036716779093,-9.419342556256115
2018-12-07,nyse,-8.448480513905835,-7.640732470197233
2018-12-06,nyse,-6.896185778849509,-8.50218934734761
2018-12-04,nyse,-6.301501321460706,-4.615561764316153
2018-12-03,nyse,-3.5756421193247783,-4.251795793075849
2018-11-30,nyse,-4.4955343451199505,-5.998421479746256
2018-11-29,nyse,-5.018226585993359,-5.907402084780397
2018-11-28,nyse,-4.801576132424052,-7.117274498855432
2018-11-27,nyse,-6.561469887005686,-7.803466364000716
2018-11-26,nyse,-6.61107683653054,-7.987397063430013
2018-11-23,nyse,-7.725458850245522,-8.568747465397717
2018-11-21,nyse,-7.057719063327059,-8.006241965876482
2018-11-20,nyse,-7.630242855066364,-7.631540015814879
2018-11-19,nyse,-5.8497232106656885,-5.88362337913436
2018-11-16,nyse,-4.934585046589243,-6.329438868546122
2018-11-15,nyse,-5.2317401074994425,-7.197350495747061
2018-11-14,nyse,-5.891274458758495,-5.80142547590427
2018-11-13,nyse,-5.486415568107193,-6.1056964578854265
2018-11-12,nyse,-5.369810038549451,-4.898858518259449
2018-11-09,nyse,-3.8823726840747432,-4.5296319768614275
2018-11-08,nyse,-3.234487655704412,-3.92116420542843
2018-11-07,nyse,-2.7970465971792544,-4.541406331264005
2018-11-06,nyse,-4.32296564808586,-5.687235754032772
2018-11-05,nyse,-4.750367026666431,-6.063911225374201
2018-11-02,nyse,-5.5362471189730895,-5.7117712234778395
2018-11-01,nyse,-5.2702218039313395,-7.251525880654194
2018-10-31,nyse,-6.408224392012592,-7.323010382650938
2018-10-30,nyse,-7.007116381190251,-9.12395983928711
2018-10-29,nyse,-8.444033407353201,-8.190321050364412
2018-10-26,nyse,-8.179999557535359,-8.780863906714469
2018-10-25,nyse,-7.09214296219746,-8.653683072959598
2018-10-24,nyse,-8.235273947565844,-6.747669575557895
2018-10-23,nyse,-5.799659571747382,-7.046925142557235
2018-10-22,nyse,-5.130235274771104,-5.229950099588632
2018-10-19,nyse,-4.4976830312825875,-5.263759635198301
2018-10-18,nyse,-4.5880626109179685,-4.496735009362355
2018-10-17,nyse,-3.303410320558895,-4.181298051719018
2018-10-16,nyse,-3.051183014568504,-5.598197299599672
2018-10-15,nyse,-4.739863170617023,-5.506569525893415
2018-10-12,nyse,-4.634525141668232,-5.145697063296466
2018-10-11,nyse,-5.323654462965279,-4.466879935565273
2018-10-10,nyse,-3.2337988782585487,-1.5986635254538986
2018-10-09,nyse,-0.640102591903219,-1.4614592809883276
2018-10-08,nyse,-0.33582766848198203,-1.571538736735674
2018-10-05,nyse,-0.3986112300146451,-0.9046517677186228
2018-10-04,nyse,-0.012611365299519551,-0.5569929945929969
2018-10-03,nyse,0.5719510583196473,-0.12053318312808464
2018-10-02,nyse,0.47581419764221744,-0.4087711595238798
2018-10-01,nyse,0.624081029575542,-0.12341927251850844
2018-09-28,nyse,0.29572884239458125,-0.6924537146196231
2018-09-27,nyse,0.47359064436589965,-0.38407988576724644
2018-09-26,nyse,0.4447668055988173,0.01728685933081603
2018-09-25,nyse,0.8943213631175175,0.3141905231508143
2018-09-24,nyse,0.9054391294991064,0.5520591913934292
2018-09-21,nyse,1.4757468546734618,0.6144328507900688
2018-09-20,nyse,1.3888860293810747,0.1604190868888001
2018-09-19,nyse,0.5981695215306402,-0.43620013761230336
2018-09-18,nyse,0.3682601021284758,-0.8935599845857601
2018-09-17,nyse,-0.09226248754445188,-0.7849124446542279
2018-09-14,nyse,0.050404284285553796,-0.9129316539903783
2018-09-13,nyse,-0.07156173061172907,-1.0629786252806888
2018-09-12,nyse,-0.4127985480571441,-1.5972241903851527
2018-09-11,nyse,-0.7025866849811592,-2.019179362368629
2018-09-10,nyse,-0.8837426399544299,-1.5988935222947809
2018-09-07,nyse,-1.018286329950076,-2.006870821754971
2018-09-06,nyse,-0.8052369845488128,-1.5372024341678558
2018-09-05,nyse,-0.5780078078164186,-1.659976231681308
2018-09-04,nyse,-0.5679606411604642,-1.416862151615995
2018-08-31,nyse,-0.20741559509678803,-1.1789118715911315
2018-08-30,nyse,-0.030781613789833562,-0.5148293801822554
2018-08-29,nyse,0.6762933546564855,-0.483913353215942
2018-08-28,nyse,0.31321031343903244,-0.2826586981911713
2018-08-27,nyse,0.4453058488173186,-0.9049559570888217
2018-08-24,nyse,-0.34118815382152257,-1.471786881069227
2018-08-23,nyse,-0.8470203206940301,-1.3975646747406933
2018-08-22,nyse,-0.40965412928255335,-1.1773909247401368
2018-08-21,nyse,-0.3617391765268839,-1.2497954141004088
2018-08-20,nyse,-0.6044583590798218,-1.7655744586579196
2018-08-17,nyse,-1.040214907547163,-2.452604699384484
2018-08-16,nyse,-1.5537059801492095,-2.870152835126542
2018-08-15,nyse,-2.4598001968930223,-3.1152404364716824
2018-08-14,nyse,-1.59947973345361,-2.815524875790577
2018-08-13,nyse,-2.148772259817783,-2.4759234113487563
2018-08-10,nyse,-1.5367635523232595,-2.236993789936911
2018-08-09,nyse,-0.6691585187227117,-1.362159999750713
2018-08-08,nyse,-0.4295837549443645,-1.2659026122150876
2018-08-07,nyse,-0.34004268698220735,-1.1490567977940485
2018-08-06,nyse,-0.6108220637426841,-1.6924948172808645
2018-08-03,nyse,-0.694613337374161,-2.0408287424232734
2018-08-02,nyse,-1.1183312539616401,-2.6131350750672593
2018-08-01,nyse,-1.0852175295806517,-1.6159132885200564
2018-07-31,nyse,-0.6184061023585424,-1.9685800573745669
2018-07-30,nyse,-1.0772441819736536,-1.715205150504739
2018-07-27,nyse,-0.9399378954831884,-1.482730279143456
2018-07-26,nyse,-0.6942315150943893,-1.7683121629897096
2018-07-25,nyse,-0.8457176329159855,-2.4781269294694654
2018-07-24,nyse,-1.506097982559631,-2.4760792156603215
2018-07-23,nyse,-1.9157932887547087,-2.841737096398205
2018-07-20,nyse,-1.9475294582439715,-2.9198395720100074
2018-07-19,nyse,-1.9738227885686452,-2.8579184870422005
2018-07-18,nyse,-1.692082866365309,-2.8587568626234803
2018-07-17,nyse,-2.0294864875902707,-3.2749324365731773
2018-07-16,nyse,-2.2628472809331166,-3.0695081614008024
2018-07-13,nyse,-2.1040017258367043,-3.173741245837985
2018-07-12,nyse,-2.1656398205300524,-3.1591549945743003
2018-07-11,nyse,-2.7779554831906674,-3.2256315008421597
2018-07-10,nyse,-1.7579434662702502,-2.7888600807541164
2018-07-09,nyse,-2.0471176928620833,-3.420423986563436
2018-07-06,nyse,-2.90606060140977,-4.434435542495033
2018-07-05,nyse,-3.51684148823993,-4.6249767962864565
2018-07-03,nyse,-4.210724871255704,-4.711967536910413
2018-07-02,nyse,-4.280643268722141,-5.560054920277901
2018-06-29,nyse,-4.137512320787314,-4.751015065089848
2018-06-28,nyse,-4.354237641470301,-5.700679440344977
2018-06-27,nyse,-4.844197980242494,-4.817491571357707
2018-06-26,nyse,-4.089215545751873,-5.0233832594647785
2018-06-25,nyse,-4.311159104258408,-4.388169081213071
2018-06-22,nyse,-3.100093699936127,-3.868591379154541
2018-06-21,nyse,-3.7083440783238784,-4.118842780540131
2018-06-20,nyse,-3.0297934801899187,-3.6936231372667145
2018-06-19,nyse,-3.1046156736024435,-3.4485355359215744
2018-06-18,nyse,-2.5706559321200846,-3.8129024666493456
2018-06-15,nyse,-2.371254861542819,-3.3060116871039877
2018-06-14,nyse,-2.0852175670142086,-2.662213433210327
2018-06-13,nyse,-1.9817212690619626,-2.327775768808956
2018-06-12,nyse,-1.527412649824536,-2.2859163437684136
2018-06-11,nyse,-1.4334993424234237,-2.4118804200424884
2018-06-08,nyse,-1.6243131550615093,-2.9198395720100074
2018-06-07,nyse,-1.9583402694594694,-2.770096790089896
2018-06-06,nyse,-2.037070526206129,-3.540460079745098
2018-06-05,nyse,-2.9534365109469385,-3.7123122354016185
2018-06-04,nyse,-2.8368309813891956,-4.115578309250191
2018-06-01,nyse,-3.2437636910894545,-4.299056434250654
2018-05-31,nyse,-3.962031293031043,-4.2264219480495
2018-05-30,nyse,-3.205124773718828,-4.924692356967562
2018-05-29,nyse,-4.609452145296554,-4.907828395053851
2018-05-25,nyse,-3.1355881985321634,-3.9199474479476346
2018-05-24,nyse,-2.6621884653061487,-3.3978620383981952
2018-05-23,nyse,-2.3040915738598327,-3.5020951228353776
2018-05-22,nyse,-2.1258479496087426,-2.5099629437993074
2018-05-21,nyse,-1.8394363195117287,-2.9703572652218213
2018-05-18,nyse,-2.503268043096056,-3.2473550734261205
2018-05-17,nyse,-2.270131851094252,-3.198506712123935
2018-05-16,nyse,-2.301029508910291,-3.4333409059174924
2018-05-15,nyse,-2.601321501883713,-3.4238442621649408
2018-05-14,nyse,-2.0846036566820265,-2.815984869472341
2018-05-11,nyse,-2.1628772240352334,-3.1425136102485407
2018-05-10,nyse,-2.3942540388655402,-3.8162411304686015
2018-05-09,nyse,-3.1543723573546587,-4.5379860556625
2018-05-08,nyse,-4.014924908846481,-5.04754034701033
2018-05-07,nyse,-4.018683237953255,-5.08408758695179
2018-05-04,nyse,-4.221078993077749,-6.284003363592509
2018-05-03,nyse,-4.994231676058684,-5.827711889041214
2018-05-02,nyse,-4.7982819794221,-5.139086508934339
2018-05-01,nyse,-4.223609501520158,-5.107710488286261
2018-04-30,nyse,-4.0523360055527435,-4.157215156702783
2018-04-27,nyse,-3.449303864988541,-4.519452761839162
2018-04-26,nyse,-3.5345475606254237,-4.732325966954944
2018-04-25,nyse,-4.0331700244504765,-5.098673838215474
2018-04-24,nyse,-4.06276499448847,-3.818526260371559
2018-04-23,nyse,-3.320891791603346,-4.13654511803512
2018-04-20,nyse,-3.3485626768197454,-3.7350299878784243
2018-04-19,nyse,-2.8554579192729626,-3.4031000309679613
2018-04-18,nyse,-2.384978003480497,-3.2320120583634044
2018-04-17,nyse,-2.5926593768308517,-3.663085492199917
2018-04-16,nyse,-3.1871866132809243,-4.26319176557891
2018-04-13,nyse,-3.8170586140996714,-4.424107942414133
2018-04-12,nyse,-3.5550985833307847,-4.5854692744252565
2018-04-11,nyse,-4.058243020822154,-4.962226357548935
2018-04-10,nyse,-3.6643446756137106,-5.940989042802116
2018-04-09,nyse,-5.085846563069797,-5.694981454093447
2018-04-06,nyse,-5.326873748853551,-4.945436588164541
2018-04-05,nyse,-3.6185709223093103,-4.939204415701929
2018-04-04,nyse,-4.427300457711329,-7.1690905613302895
2018-04-03,nyse,-5.189185640083314,-6.748582143668491
2018-04-02,nyse,-6.341907102714199,-5.5434209552050735
2018-03-29,nyse,-4.537624636431258,-6.126129080459275
2018-03-28,nyse,-5.635139089433971,-6.371224101057347
2018-03-27,nyse,-5.683900040574232,-5.288910902636699
2018-03-26,nyse,-4.682589828651262,-6.347445395411311
2018-03-23,nyse,-6.640971275023257,-5.689891846582314
2018-03-22,nyse,-5.110073561056883,-4.470144406855211
2018-03-21,nyse,-2.7613200105308082,-3.790184714172539
2018-03-20,nyse,-2.915568724847223,-3.793300800403845
2018-03-19,nyse,-3.0089429890298343,-3.0920701095660434
2018-03-16,nyse,-1.9898518376076904,-3.1137936821500047
2018-03-15,nyse,-2.3024819309156968,-2.84431899641843
2018-03-14,nyse,-2.1563637851450093,-2.1882196211640426
2018-03-13,nyse,-1.626768796390237,-1.7021398460920496
2018-03-12,nyse,-1.1158007455192314,-1.7634525523194586
2018-03-09,nyse,-0.9592536108128177,-2.7381123907014207
2018-03-08,nyse,-2.291753473525248,-3.3229498415470156
2018-03-07,nyse,-2.583076386279718,-4.015218074843347
2018-03-06,nyse,-2.4775886231035646,-3.344606640854591
2018-03-05,nyse,-2.7845437891945717,-5.045336828889621
2018-03-02,nyse,-3.725518594202238,-5.4540708921488426
2018-03-01,nyse,-4.0264993646215235,-3.936284642903195
2018-02-28,nyse,-3.0005878191430644,-2.3584692181873192
2018-02-27,nyse,-1.7228307899539865,-1.3341226429218918
2018-02-26,nyse,-0.33981059892979704,-1.826278786144931
2018-02-23,nyse,-1.2253537929682485,-3.011689923304215
2018-02-22,nyse,-2.54673588929909,-3.2647532215509116
2018-02-21,nyse,-2.671165032236469,-2.9264501263721354
2018-02-20,nyse,-2.151227901146511,-2.624152665670805
2018-02-16,nyse,-1.300101119267093,-2.5499972326186566
2018-02-15,nyse,-1.4341881198692865,-2.6238484763006062
2018-02-14,nyse,-2.2786442419197512,-4.915878284484725
2018-02-13,nyse,-3.599943984425544,-4.940116983812526
2018-02-12,nyse,-3.7091900767084707,-5.061295641945667
2018-02-09,nyse,-4.892112932998163,-6.064445411585282
2018-02-08,nyse,-5.928378600298667,-3.4998174121853514
2018-02-07,nyse,-2.7351015473198155,-3.537269800984476
2018-02-06,nyse,-2.2883769666982468,-5.893275827198477
2018-02-05,nyse,-3.6109868836934527,-1.430988409197915
2018-02-02,nyse,0.31742533193925776,1.0013617296830808
2018-02-01,nyse,2.591431556166488,1.340510619696069
2018-01-31,nyse,2.484027194880108,1.9318844323744742
2018-01-30,nyse,2.5419069604666826,2.117336078654765
2018-01-29,nyse,3.6852775205988437,3.2687818758928144
2018-01-26,nyse,4.546743450877572,2.9229556582413134
2018-01-25,nyse,3.59335567842164,2.93503420201409
2018-01-24,nyse,3.5550237162171037,2.716233013805894
2018-01-23,nyse,3.2978177471669445,2.2740677968365195
2018-01-22,nyse,3.269143642627223,1.7152867622869876
2018-01-19,nyse,2.610522670155075,1.3706698828633508
2018-01-18,nyse,2.084992965673166,1.3615516210103153
2018-01-17,nyse,2.3646590688275464,0.9111881295514334
2018-01-16,nyse,1.5556300649708044,1.3772062446961615
2018-01-12,nyse,1.9196264849751625,0.5957437526551651
2018-01-11,nyse,1.2789436729409176,-0.4250341619501239
2018-01-10,nyse,0.4803361713085338,-0.41264400955421715
2018-01-09,nyse,0.5895073964777793,-0.29412886322354964
2018-01-08,nyse,0.5397507127255639,-0.5006215108180869
2018-01-05,nyse,0.45450701708868074,-0.7306702864707104
2018-01-04,nyse,-0.11871303880785503,-1.2384736341266642
2018-01-03,nyse,-0.6644044570039851,-1.913877905509285
2018-01-02,nyse,-1.0826870211382429,-2.2914659449613106
2017-12-29,nyse,-1.8024070450852379,-2.1591213111659906
2017-12-28,nyse,-1.4631691795750985,-2.453969841923913
2017-12-27,nyse,-1.701665856916443,-2.686748902655395
2017-12-26,nyse,-1.8019428689804173,-2.798965103247066
2017-12-22,nyse,-1.889799426884758,-2.7241270989252024
2017-12-21,nyse,-1.8685671134449018,-2.9730949695536117
2017-12-20,nyse,-2.272280537256889,-2.886868411981619
2017-12-19,nyse,-2.27235540437057,-2.7302108863291807
2017-12-18,nyse,-1.9788838054534625,-3.054231919614472
2017-12-15,nyse,-2.6392716418084765,-3.8933568454404903
2017-12-14,nyse,-3.180590820565652,-3.4625876009741776
2017-12-13,nyse,-2.6407989309275637,-3.4452710646316347
2017-12-12,nyse,-2.6538332954193793,-3.6607261697676425
2017-12-11,nyse,-2.8805309156446404,-3.9466938547663437
2017-12-08,nyse,-3.073343680218001,-4.235844399272735
2017-12-07,nyse,-3.641263144465941,-4.899318511941213
2017-12-06,nyse,-3.92147577755019,-4.65240577437488
2017-12-05,nyse,-3.65521837445603,-4.002456959800855
2017-12-04,nyse,-3.135977507523303,-3.62213121601704
2017-12-01,nyse,-3.2918358647838533,-3.994778033016566
2017-11-30,nyse,-3.1903310320555147,-4.301564141741563
2017-11-29,nyse,-3.699988908437108,-4.809063300027318
2017-11-28,nyse,-4.014999775960162,-5.700983629715176
2017-11-27,nyse,-5.007415774777861,-5.631398456468943
2017-11-24,nyse,-4.768612142270425,-5.613236125292189
2017-11-22,nyse,-5.00710881961177,-5.746649131509671
2017-11-21,nyse,-5.044984092422853,-6.153632251077016
2017-11-20,nyse,-5.5441455994664075,-6.502426169901189
2017-11-17,nyse,-5.681219797904462,-6.695245134342638
2017-11-16,nyse,-5.678225113357232,-6.866184721888562
2017-11-15,nyse,-6.314078996559069,-7.144933473784737
2017-11-14,nyse,-5.855854827276141,-6.425162069870666
2017-11-13,nyse,-5.574421860238895,-6.695927705612354
2017-11-10,nyse,-5.530115502362638,-6.367803825455843
2017-11-09,nyse,-5.399704477042168,-6.3530617698805925
2017-11-08,nyse,-5.053878305528124,-6.087838316078872
2017-11-07,nyse,-5.15714251542796,-5.8024864290735
2017-11-06,nyse,-4.9296063835294746,-5.997887293535174
2017-11-03,nyse,-5.14326963926292,-6.089440874712115
2017-11-02,nyse,-5.144033283822464,-6.102580371654121
2017-11-01,nyse,-5.221236251450036,-5.915837775363718
2017-10-31,nyse,-5.388976019651719,-6.296081907365285
2017-10-30,nyse,-5.554110412297312,-6.178019335463451
2017-10-27,nyse,-5.19409692274077,-6.251788967363152
2017-10-26,nyse,-5.301426416913469,-6.075611387247461
2017-10-25,nyse,-5.422935742417299,-5.746189137827907
2017-10-24,nyse,-4.898476637661026,-5.747940081519784
2017-10-23,nyse,-5.056176725918123,-5.514018455836823
2017-10-20,nyse,-4.702759029076852,-5.732663839733453
2017-10-19,nyse,-5.0876059402412945,-6.278379569870294
2017-10-18,nyse,-5.158909379310825,-6.011338399100312
2017-10-17,nyse,-5.320285442849646,-6.1335038178733665
2017-10-16,nyse,-5.247072892381257,-6.05167687728986
2017-10-13,nyse,-5.304720569915421,-6.090576020410662
2017-10-12,nyse,-5.406375136871121,-6.232795679858049
2017-10-11,nyse,-5.227599956112898,-6.194356530419011
2017-10-10,nyse,-5.346196950894548,-6.327762117383562
2017-10-09,nyse,-5.749753153767805,-6.338853900516425
2017-10-06,nyse,-5.567751200409942,-6.442026031784376
2017-10-05,nyse,-5.404922714865715,-6.494376280470315
2017-10-04,nyse,-5.667571523080464,-6.567381729318053
2017-10-03,nyse,-5.681294665018142,-6.7450060637554206
2017-10-02,nyse,-5.974302087830429,-7.24316438260019
2017-09-29,nyse,-6.399786868300773,-7.469948686962874
2017-09-28,nyse,-6.628633174688672,-7.710777637125229
2017-09-27,nyse,-6.79468094612117,-7.658056425792706
2017-09-26,nyse,-7.022606387010795,-7.752948670788902
2017-09-25,nyse,-6.918039489332915,-7.737672429002572
2017-09-22,nyse,-6.839533833927298,-7.8107594896325585
2017-09-21,nyse,-6.978906452755352,-7.767000735841506
2017-09-20,nyse,-6.872497824080925,-7.787663355256237
2017-09-19,nyse,-6.9933932392525735,-7.873207341558515
2017-09-18,nyse,-7.148869774233352,-8.111766000323776
2017-09-15,nyse,-7.3889087141165195,-8.335886792883986
2017-09-14,nyse,-7.523220316059756,-8.50902989855062
2017-09-13,nyse,-7.580261569973107,-8.454483550996903
2017-09-12,nyse,-7.565385474484746,-8.605895664826642
2017-09-11,nyse,-7.9245604523680635,-9.261698269963762
2017-09-08,nyse,-8.862076396723682,-9.78955585829405
2017-09-07,nyse,-8.926244999859437,-9.616264367568784
2017-09-06,nyse,-8.977536459442108,-9.901007875833757
2017-09-05,nyse,-9.32842364784097,-9.630472236932953
2017-09-01,nyse,-8.631320978936923,-9.60737610255663
2017-08-31,nyse,-8.956296659290883,-10.094286833956971
2017-08-30,nyse,-9.497698191873107,-10.477951241560044
2017-08-29,nyse,-9.598821202321673,-10.854626712901473
2017-08-28,nyse,-9.534884687238328,-10.116017825793863
2017-08-25,nyse,-9.444340399952848,-10.314608969016161
2017-08-24,nyse,-9.737430176590184,-10.299340146482763
2017-08-23,nyse,-9.644512601801026,-10.574661203524501
2017-08-22,nyse,-9.49601368181529,-10.781613844800802
2017-08-21,nyse,-10.155480652672031,-11.110576100538594
2017-08-18,nyse,-10.304511129164899,-11.096145653586474
2017-08-17,nyse,-10.2056940258177,-10.048472947103843
2017-08-16,nyse,-9.008741072424236,-9.83370041323755
2017-08-15,nyse,-9.203230860344046,-9.886881618251838
2017-08-14,nyse,-9.106794531211895,-10.19837153333552
2017-08-11,nyse,-9.818616074665572,-10.698117572307668
2017-08-10,nyse,-9.754297737302453,-9.673392615142724
2017-08-09,nyse,-8.544078331364766,-9.541582167558484
2017-08-08,nyse,-8.386842419212488,-8.92513869922393
2017-08-07,nyse,-8.097054282288473,-8.95590634113161
2017-08-04,nyse,-8.119132594112923,-8.968741648703418
2017-08-03,nyse,-8.33662904606682,-9.071683783130489
2017-08-02,nyse,-8.161447486765272,-8.991006826751393
2017-08-01,nyse,-8.003140974887362,-8.781012291773102
2017-07-31,nyse,-8.25114577566616,-9.012960396176235
2017-07-28,nyse,-8.350651656459222,-9.207530304309563
2017-07-27,nyse,-8.28518036554542,-9.000199281133744
2017-07-26,nyse,-8.272303221992335,-8.95567634429073
2017-07-25,nyse,-8.266096738268201,-9.036894906133838
2017-07-24,nyse,-8.733821544277216,-9.451171151333025
2017-07-21,nyse,-8.581339693843667,-9.25387095812084
2017-07-20,nyse,-8.42885035669875,-9.164454121788223
2017-07-19,nyse,-8.453002487572153,-9.634953465703687
2017-07-18,nyse,-8.943037693458026,-9.753246034446404
2017-07-17,nyse,-8.84268581428037,-9.632289953901214
2017-07-14,nyse,-8.790555843024475,-10.01717111898508
2017-07-13,nyse,-9.194493868177505,-10.102640912758043
2017-07-12,nyse,-9.338006638392104,-10.394002394638076
2017-07-11,nyse,-9.9599876454289,-10.744992412330026
2017-07-10,nyse,-9.90616567740382,-10.775307479808873
2017-07-07,nyse,-9.89703937624614,-11.007633966111523
2017-07-06,nyse,-10.28458150350309,-10.609004925345252
2017-07-05,nyse,-9.463813336221207,-10.152253457112192
2017-07-03,nyse,-9.262727755586125,-10.34073957784154
2017-06-30,nyse,-9.830190530440614,-10.52163580282178
2017-06-29,nyse,-9.996702477977932,-10.081978293343314
2017-06-28,nyse,-9.438440871394807,-10.57094415780573
2017-06-27,nyse,-10.173493680223617,-10.61151263283616
2017-06-26,nyse,-9.85196188709897,-10.644557985393865
2017-06-23,nyse,-10.048682715006466,-10.9854503998458
2017-06-22,nyse,-10.207228801648155,-11.080112648001112
2017-06-21,nyse,-10.331725324987847,-10.788676973591762
2017-06-20,nyse,-10.004600958471249,-10.342564714062734
2017-06-19,nyse,-9.28097287119012,-10.337779295921798
2017-06-16,nyse,-9.751078451414182,-10.767257590378
2017-06-15,nyse,-9.992569813302756,-11.08672320236324
2017-06-14,nyse,-9.691356954831061,-10.269099271533232
2017-06-13,nyse,-9.561178017563002,-10.578919854707285
2017-06-12,nyse,-9.947028148050766,-10.736489948470322
2017-06-09,nyse,-9.960287113883624,-11.272019044331966
2017-06-08,nyse,-10.464584504925675,-11.380970773633695
2017-06-07,nyse,-10.550599331833471,-11.279920548704206
2017-06-06,nyse,-10.5220075811188,-11.400565020626265
2017-06-05,nyse,-10.351662437361025,-11.107920007989051
2017-06-02,nyse,-10.159845405399619,-11.095233085475877
2017-06-01,nyse,-10.304818084330991,-11.74799379691101
2017-05-31,nyse,-11.084948382306969,-11.788413886882806
2017-05-30,nyse,-11.05980800553298,-11.81796477130969
2017-05-26,nyse,-10.825518859980491,-11.678779586311359
2017-05-25,nyse,-10.76855995989219,-11.556918356908504
2017-05-24,nyse,-10.907086580335651,-11.830955883193063
2017-05-23,nyse,-11.03442805399521,-11.85306525692947
2017-05-22,nyse,-11.183233929147036,-12.062369801385115
2017-05-19,nyse,-11.50920534211295,-12.820736159049789
2017-05-18,nyse,-12.342012141274692,-13.444546945545502
2017-05-17,nyse,-12.42273386324526,-12.45636922832202
2017-05-16,nyse,-11.02009100172535,-11.60523995125254
2017-05-15,nyse,-10.960751327422,-12.270457588359964
2017-05-12,nyse,-11.47578466256587,-12.240676707092197
2017-05-11,nyse,-11.348907365011131,-12.083870796381126
2017-05-10,nyse,-11.077588945032153,-12.086000121972518
2017-05-09,nyse,-11.318855705579685,-11.852761067559273
2017-05-08,nyse,-11.106188182458194,-11.815835445718296
2017-05-05,nyse,-10.950172604258913,-12.220014087677466
2017-05-04,nyse,-11.570386747412845,-12.295534663269045
2017-05-03,nyse,-11.609100531897152,-12.418991032052212
2017-05-02,nyse,-11.443202494692015,-12.219865702618833
2017-05-01,nyse,-11.556738472588847,-12.247895640194722
2017-04-28,nyse,-11.559882891363438,-12.028337688187495
2017-04-27,nyse,-11.234525388729708,-11.861040953831028
2017-04-26,nyse,-11.124201210009778,-11.91164025882509
2017-04-25,nyse,-11.044699821992207,-12.071183873867952
2017-04-24,nyse,-11.592772014403383,-12.51684355896815
2017-04-21,nyse,-12.686460757897011,-13.242535526721703
2017-04-20,nyse,-12.396822355200356,-13.575526436801393
2017-04-19,nyse,-13.044557649343327,-13.375488539257418
2017-04-18,nyse,-12.767339700806307,-13.186772421687188
2017-04-17,nyse,-12.395519667422313,-13.757787804321062
2017-04-13,nyse,-13.181706714895064,-13.460884140501065
2017-04-12,nyse,-12.42549645974008,-12.933100744700093
2017-04-11,nyse,-12.03872546375404,-12.963564197237575
2017-04-10,nyse,-12.109871681884844,-12.979515591040688
2017-04-07,nyse,-12.253691407265531,-13.054049405992352
2017-04-06,nyse,-12.163918251250964,-13.1886717504377
2017-04-05,nyse,-12.424036551023304,-12.618568935914423
2017-04-04,nyse,-12.062413418522626,-12.906050148511186
2017-04-03,nyse,-12.113165834886795,-12.666356344047378
2017-03-31,nyse,-11.891304630205308,-12.64751886085384
2017-03-30,nyse,-11.684386901414499,-12.669925004707515
2017-03-29,nyse,-11.862016615333406,-12.906428530410702
2017-03-28,nyse,-11.883713104878083,-13.362423234844728
2017-03-27,nyse,-12.49326617104388,-13.836417046891015
2017-03-24,nyse,-12.458310715666345,-13.079801632918217
2017-03-23,nyse,-12.36631400637546,-13.311067166051634
2017-03-22,nyse,-12.398506865258174,-13.340469665419885
2017-03-21,nyse,-12.446504171838892,-11.882089374398205
2017-03-20,nyse,-11.400041603655072,-12.002429656950067
2017-03-17,nyse,-11.154103135213864,-11.757943015092392
2017-03-16,nyse,-11.0680808215947,-11.726344416856364
2017-03-15,nyse,-11.144138322382958,-12.7044171115869
2017-03-14,nyse,-12.14858546636915,-12.79019109473006
2017-03-13,nyse,-11.687448966364041,-12.576249517192114
2017-03-10,nyse,-11.830662268123914,-12.547759585934463
2017-03-09,nyse,-12.161238008581194,-12.975872737851232
2017-03-08,nyse,-12.23352969355131,-12.540926453984383
2017-03-07,nyse,-11.788032933594106,-12.267801495810422
2017-03-06,nyse,-11.47010973534887,-12.20064241827285
2017-03-03,nyse,-11.08234300675088,-12.05408991511336
2017-03-02,nyse,-11.2545298815052,-11.615574970586371
2017-03-01,nyse,-10.600513236524415,-11.922732041957952
2017-02-28,nyse,-11.74150302244153,-12.411237912738606
2017-02-27,nyse,-11.389155925325893,-12.392400429545068
2017-02-24,nyse,-11.519941286214767,-12.204285271462304
2017-02-23,nyse,-11.406015999326796,-11.97021526072071
2017-02-22,nyse,-11.451789752631196,-12.295304666428162
2017-02-21,nyse,-11.236591721067295,-12.494578380920174
2017-02-17,nyse,-11.752845390164161,-12.873917364064077
2017-02-16,nyse,-11.804361451087873,-12.48409497652771
2017-02-15,nyse,-11.726087883734666,-12.86563747779232
2017-02-14,nyse,-12.075140827848351,-13.245421616112123
2017-02-13,nyse,-12.343007873886647,-13.556911531195807
2017-02-10,nyse,-12.773935493521579,-13.7862035430494
2017-02-09,nyse,-13.157562070733025,-14.344984577598932
2017-02-08,nyse,-13.739287030743693,-14.74232266835509
2017-02-07,nyse,-13.80383745615922,-14.364964625743948
2017-02-06,nyse,-13.64490954723776,-14.314365320749884
2017-02-03,nyse,-13.287426566123628,-14.39330617194297
2017-02-02,nyse,-14.01842157739094,-14.939474476508641
2017-02-01,nyse,-14.080898183757512,-14.569557944587974
2017-01-31,nyse,-13.960384590865635,-14.944111509590943
2017-01-30,nyse,-14.096230968639325,-14.694609452751454
2017-01-27,nyse,-13.498634180528343,-14.064262304422929
2017-01-26,nyse,-13.269181450519632,-13.878966462454203
2017-01-25,nyse,-13.070394290274548,-14.16986795065247
2017-01-24,nyse,-13.758602746073322,-15.034975100245235
2017-01-23,nyse,-14.361642373348896,-15.073948435895353
2017-01-20,nyse,-14.191679051870892,-15.096057809631763
2017-01-19,nyse,-14.528543629877355,-14.941752187158668
2017-01-18,nyse,-14.166306587044494,-15.006329364676017
2017-01-17,nyse,-14.16484667832772,-14.836228152711373
2017-01-13,nyse,-13.92810937815787,-14.772941925204137
2017-01-12,nyse,-14.104586138526095,-14.804466330910849
2017-01-11,nyse,-13.931096575993731,-15.047357833388212
2017-01-10,nyse,-14.26420282489342,-15.048797168456957
2017-01-09,nyse,-14.368006078011758,-14.83630234524069
2017-01-06,nyse,-13.847994079808117,-14.640819868996768
2017-01-05,nyse,-13.770791112180547,-14.58247486394203
2017-01-04,nyse,-13.779610458172137,-15.010506404076555
2017-01-03,nyse,-14.486378471452365,-15.374650757216374
2016-12-30,nyse,-15.233462425449668,-15.709236806676378
2016-12-29,nyse,-15.099839600952295,-15.889287236822405
2016-12-28,nyse,-15.218286861506582,-15.302698842284935
2016-12-27,nyse,-14.547320301988481,-11.861345143201227
2016-12-23,nyse,-14.682253300975267,-15.582434354821023
2016-12-22,nyse,-14.794643812032785,-15.458747989196976
2016-12-21,nyse,-14.576683183974065,-15.134875340970316
2016-12-20,nyse,-14.349603741469034,-15.325720784131939
2016-12-19,nyse,-14.684244766199175,-15.464675972289388
2016-12-16,nyse,-14.709699584850625,-15.273147957858049
2016-12-15,nyse,-14.658565346206684,-15.767581811731116
2016-12-14,nyse,-14.913240806814434,-14.803479570270936
2016-12-13,nyse,-13.8514454537488,-14.782208572115806
2016-12-12,nyse,-14.310583001818635,-14.908625222818713
2016-12-09,nyse,-14.1993454443118,-15.266389018437287
2016-12-08,nyse,-14.520031239051853,-15.561007552354331
2016-12-07,nyse,-14.791035217153373,-16.601157136364236
2016-12-06,nyse,-15.893693040865953,-17.01012119646434
2016-12-05,nyse,-16.352755721822103,-17.264097062821634
2016-12-02,nyse,-16.907191618896146,-17.728750035426934
2016-12-01,nyse,-16.980711124530625,-17.489968799073722
2016-11-30,nyse,-16.90811248439442,-17.399105208419428
2016-11-29,nyse,-17.067264994656924,-17.957203671699247
2016-11-28,nyse,-17.136801569843588,-17.51238236218033
2016-11-25,nyse,-16.60429425036663,-17.533497556023892
2016-11-23,nyse,-16.92773515489014,-18.157085764931654
2016-11-22,nyse,-17.048256234493383,-17.99959728295087
