Date,Close/Last,Volume,Open,High,Low
11/19/2021,16973.96,--,17117.74,17117.74,16965.8
11/18/2021,17117.74,--,17192.66,17192.66,17049.06
11/17/2021,17192.66,--,17302.79,17302.79,17158.98
11/16/2021,17302.79,--,17285.55,17364.31,17285.55
11/15/2021,17285.55,--,17297.66,17336.84,17267.89
11/12/2021,17297.66,--,17220.41,17312.94,17220.41
11/11/2021,17220.41,--,17192.03,17246.86,17192.03
11/10/2021,17192.03,--,17286.91,17322.72,17145
11/09/2021,17286.91,--,17310.51,17323.12,17217.94
11/08/2021,17310.51,--,17242.36,17341.78,17242.36
11/05/2021,17242.36,--,17168.87,17306.21,17168.87
11/04/2021,17168.87,--,17209.75,17230.8,17110.48
11/03/2021,17209.75,--,17115.17,17220.6,17081.99
11/02/2021,17115.17,--,17131.08,17131.08,17078.81
11/01/2021,17131.08,--,17016.41,17138.38,17016.41
10/29/2021,17016.41,--,17077,17077,16977.49
10/28/2021,17077,--,16920.38,17077.52,16920.38
10/27/2021,16920.38,--,17145.15,17145.15,16920.38
10/26/2021,17145.15,--,17169.07,17228.3,17131.44
10/25/2021,17169.07,--,17122.24,17192.18,17096.16
10/22/2021,17122.24,--,17083.15,17157.39,17031.74
10/21/2021,17083.15,--,17099.21,17099.21,17005.44
10/20/2021,17099.21,--,16988.16,17111.21,16988.16
10/19/2021,16988.16,--,16862,16995.8,16862
10/18/2021,16862,--,16871.74,16891.5,16776.61
10/15/2021,16871.74,--,16744.29,16914.67,16744.29
10/14/2021,16744.29,--,16513.16,16750.39,16513.16
10/13/2021,16513.16,--,16441.75,16538.44,16359.35
10/12/2021,16441.75,--,16430.07,16515.53,16411.51
10/11/2021,16430.07,--,16517.23,16633.52,16429.13
10/08/2021,16517.23,--,16511.81,16585.11,16505.08
10/07/2021,16511.81,--,16338.46,16601.69,16338.46
10/06/2021,16338.46,--,16327.09,16342.22,16096.85
10/05/2021,16327.09,--,16198.56,16411.39,16198.56
10/04/2021,16198.56,--,16323.74,16368.49,16127.15
10/01/2021,16323.74,--,16144.92,16398.31,16094.5
09/30/2021,16144.92,--,16344.89,16407.98,16144.29
09/29/2021,16344.89,--,16328.78,16417.54,16318.17
09/28/2021,16328.78,--,16599.79,16599.79,16303.9
09/27/2021,16599.79,--,16539.15,16658.52,16539.15
09/24/2021,16539.15,--,16567.26,16582.54,16502.72
09/23/2021,16567.26,--,16352.18,16627.02,16352.18
09/22/2021,16352.18,--,16184.5,16456.36,16184.5
09/21/2021,16184.5,--,16168.17,16325.25,16154.46
09/20/2021,16168.17,--,16460.35,16460.35,15988.03
09/17/2021,16460.35,--,16576.77,16586.07,16442.36
09/16/2021,16576.77,--,16626.88,16638.4,16497.81
09/15/2021,16626.88,--,16497.23,16645.29,16481.64
09/14/2021,16497.23,--,16635.39,16678.31,16471.06
09/13/2021,16635.39,--,16563.48,16689.05,16563.23
09/10/2021,16563.48,--,16663.12,16767.44,16562.62
09/09/2021,16663.12,--,16731.04,16790.08,16653.56
09/08/2021,16731.04,--,16801.18,16801.18,16677.16
09/07/2021,16801.18,--,16909.72,16909.72,16800.7
09/03/2021,16909.72,--,16926.72,16932.14,16875.82
09/02/2021,16926.72,--,16845.99,16944.48,16845.99
09/01/2021,16845.99,--,16806.44,16879.85,16791.15
08/31/2021,16806.44,--,16819.63,16849.16,16783.05
08/30/2021,16819.63,--,16844.75,16873.16,16801.34
08/27/2021,16844.75,--,16694.32,16858.42,16694.32
08/26/2021,16694.32,--,16812.84,16812.84,16684.23
08/25/2021,16812.84,--,16741.16,16840.86,16716.88
08/24/2021,16741.16,--,16648.55,16771.25,16648.55
08/23/2021,16648.55,--,16516.68,16679.77,16516.68
08/20/2021,16516.68,--,16429.14,16535.18,16399.61
08/19/2021,16429.14,--,16550.34,16550.34,16345.4
08/18/2021,16550.34,--,16707.13,16729.59,16545.73
08/17/2021,16707.13,--,16836.74,16836.74,16589.39
08/16/2021,16836.74,--,16868.11,16868.11,16709.21
08/13/2021,16868.11,--,16871.12,16887.25,16847.18
08/12/2021,16871.12,--,16875.39,16875.39,16802.39
08/11/2021,16875.39,--,16792.78,16875.74,16792.78
08/10/2021,16792.78,--,16726.95,16821.39,16726.95
08/09/2021,16726.95,--,16748.08,16756.18,16678.55
08/06/2021,16748.08,--,16695.5,16775.9,16695.5
08/05/2021,16695.5,--,16594.48,16695.53,16594.48
08/04/2021,16594.48,--,16713.46,16713.46,16593.46
08/03/2021,16713.46,--,16576.21,16714.26,16509.62
08/02/2021,16576.21,--,16602.29,16761.24,16568.26
07/30/2021,16602.29,--,16697.14,16715.88,16575.5
07/29/2021,16697.14,--,16573.56,16750.67,16573.56
07/28/2021,16573.56,--,16520.96,16628.94,16490.65
07/27/2021,16520.96,--,16565.31,16565.31,16430.52
07/26/2021,16565.31,--,16552.38,16571.49,16513.36
07/23/2021,16552.38,--,16455.92,16564.14,16455.92
07/22/2021,16455.92,--,16503.47,16510.34,16404.38
07/21/2021,16503.47,--,16321.94,16517.61,16321.94
07/20/2021,16321.94,--,16052.71,16362.26,16052.71
07/19/2021,16052.71,--,16364.66,16364.66,15954.69
07/16/2021,16364.66,--,16499.06,16557.49,16345.51
07/15/2021,16499.06,--,16543.78,16543.78,16424.42
07/14/2021,16543.78,--,16575.77,16674.54,16510.38
07/13/2021,16575.77,--,16673.14,16673.14,16572.88
07/12/2021,16673.14,--,16633.3,16681.65,16553.79
07/09/2021,16633.3,--,16359.7,16639.2,16359.7
07/08/2021,16359.7,--,16559.31,16559.31,16245.48
07/07/2021,16559.31,--,16542.75,16593.57,16449.09
07/06/2021,16542.75,--,16674.85,16674.85,16448.77
07/02/2021,16674.85,--,16640.96,16689.43,16608.34
07/01/2021,16640.96,--,16555.35,16649.1,16555.35
06/30/2021,16555.35,--,16547.57,16568.92,16517.03
06/29/2021,16547.57,--,16573.72,16627.45,16533.97
06/28/2021,16573.72,--,16658.79,16658.79,16522.49
06/25/2021,16658.79,--,16558.62,16678,16558.62
06/24/2021,16558.62,--,16437.63,16573.31,16437.63
06/23/2021,16437.63,--,16449.01,16511.56,16436.75
06/22/2021,16449.01,--,16411.98,16487.13,16349.29
06/21/2021,16411.98,--,16143.95,16421.93,16143.95
06/18/2021,16143.95,--,16411.65,16411.65,16142.5
06/17/2021,16411.65,--,16542.76,16562.19,16307.07
06/16/2021,16542.76,--,16655.81,16655.81,16497.75
06/15/2021,16655.81,--,16662.42,16685.04,16596.8
06/14/2021,16662.42,--,16694.93,16694.93,16600.47
06/11/2021,16694.93,--,16651.43,16696.51,16629.63
06/10/2021,16651.43,--,16620,16726.95,16613.15
06/09/2021,16620,--,16685.48,16691.02,16619.96
06/08/2021,16685.48,--,16685.14,16704.48,16607.14
06/07/2021,16685.14,--,16708.74,16725.55,16669.9
06/04/2021,16708.74,--,16632.34,16718.01,16632.34
06/03/2021,16632.34,--,16673.96,16673.96,16530.2
06/02/2021,16673.96,--,16643.32,16691.96,16620.55
06/01/2021,16643.32,--,16555.66,16718.67,16555.66
05/28/2021,16555.66,--,16531.94,16588.69,16531.94
05/27/2021,16531.94,--,16451.96,16546.36,16451.96
05/26/2021,16451.96,--,16390.19,16466.34,16388.32
05/25/2021,16390.19,--,16464.69,16525.81,16375.15
05/24/2021,16464.69,--,16375,16508.52,16375
05/21/2021,16375,--,16350.45,16475,16344.76
05/20/2021,16350.45,--,16233.32,16398.77,16233.3
05/19/2021,16233.32,--,16337.73,16337.73,16040.43
05/18/2021,16337.73,--,16422.96,16458.23,16337.29
05/17/2021,16422.96,--,16415.36,16434.25,16341.18
05/14/2021,16415.36,--,16181.63,16438.9,16181.63
05/13/2021,16181.63,--,16042.97,16243.27,16035.49
05/12/2021,16042.97,--,16355.62,16355.62,16030.3
05/11/2021,16355.62,--,16516.83,16516.83,16211.54
05/10/2021,16516.83,--,16590.43,16685.89,16516.8
05/07/2021,16590.43,--,16459.6,16598.02,16439.04
05/06/2021,16459.6,--,16348.41,16462.44,16275.16
05/05/2021,16348.41,--,16289.27,16394.62,16284.74
05/04/2021,16289.27,--,16325.24,16325.24,16156.99
05/03/2021,16325.24,--,16219.33,16375.07,16219.33
04/30/2021,16219.33,--,16376,16376,16199.48
04/29/2021,16376,--,16322.13,16413.28,16263.04
04/28/2021,16322.13,--,16273.31,16362.6,16273.31
04/27/2021,16273.31,--,16241.21,16287.62,16212.75
04/26/2021,16241.21,--,16206,16278.1,16206
04/23/2021,16206,--,16030.62,16246.37,16030.62
04/22/2021,16030.62,--,16121.61,16175.2,15991.84
04/21/2021,16121.61,--,15944.61,16128.9,15903.46
04/20/2021,15944.61,--,16107.56,16107.56,15887.39
04/19/2021,16107.56,--,16186.29,16186.29,16076.57
04/16/2021,16186.29,--,16116.85,16207.1,16116.85
04/15/2021,16116.85,--,16000.15,16123.47,16000.15
04/14/2021,16000.15,--,16011.5,16076.26,15986.81
04/13/2021,15962.34,--,15977.46,15989.8,15902.16
04/12/2021,15977.46,--,15956.37,15986.36,15933.73
04/09/2021,15956.37,--,15886.56,15956.38,15865.6
04/08/2021,15886.56,--,15838.85,15894.8,15812.37
04/07/2021,15838.85,--,15877.96,15905.25,15804.45
04/06/2021,15877.96,--,15870.34,15920.28,15842.25
04/05/2021,15870.34,--,15752.24,15882.1,15752.24
04/01/2021,15752.24,--,15601.74,15752.33,15601.74
03/31/2021,15601.74,--,15626.11,15681.91,15601.74
03/30/2021,15626.11,--,15611.88,15663.01,15551.53
03/29/2021,15611.88,--,15682.54,15682.54,15522.66
03/26/2021,15682.54,--,15410.37,15687.18,15410.37
03/25/2021,15410.37,--,15276.56,15439.09,15138.69
03/24/2021,15276.56,--,15346.53,15479.85,15276.56
03/23/2021,15346.53,--,15551.58,15551.58,15306.07
03/22/2021,15551.58,--,15562.26,15595.6,15496.56
03/19/2021,15562.26,--,15589.07,15636.12,15454.11
03/18/2021,15589.07,--,15731.15,15797.94,15559.83
03/17/2021,15731.15,--,15669.3,15746.03,15579.53
03/16/2021,15669.3,--,15775.5,15775.5,15639.35
03/15/2021,15775.5,--,15715.21,15778.04,15613.17
03/12/2021,15715.21,--,15648,15717.81,15607.8
03/11/2021,15648,--,15521.84,15701.82,15521.84
03/10/2021,15521.84,--,15375.63,15573.27,15375.63
03/09/2021,15375.63,--,15288.38,15498.09,15288.38
03/08/2021,15288.38,--,15251.83,15471.91,15236.93
03/05/2021,15251.83,--,14959.41,15284.16,14818.55
03/04/2021,14959.41,--,15199.19,15246.98,14765.55
03/03/2021,15199.19,--,15277.02,15336.35,15197.92
03/02/2021,15277.02,--,15327.77,15366.92,15257.92
03/01/2021,15327.77,--,15010.47,15396.52,15010.47
02/26/2021,15010.47,--,15206.67,15209.77,14943.97
02/25/2021,15206.67,--,15539.42,15555.9,15156.83
02/24/2021,15539.42,--,15359.13,15566.47,15326.67
02/23/2021,15359.13,--,15340.47,15404.68,15089.98
02/22/2021,15340.47,--,15362.69,15423.63,15264.85
02/19/2021,15362.69,--,15290.64,15418.57,15290.64
02/18/2021,15290.64,--,15402.59,15402.59,15205.04
02/17/2021,15402.59,--,15423.02,15423.02,15289.4
02/16/2021,15423.02,--,15370.22,15483.2,15370.22
02/12/2021,15369.6,--,15297.09,15373.77,15254.87
02/11/2021,15297.09,--,15273.9,15341.34,15195.85
02/10/2021,15273.9,--,15244.4,15343.78,15183.96
02/09/2021,15244.4,--,15226.61,15266.83,15168.67
02/08/2021,15226.61,--,15069.6,15226.65,15069.6
02/05/2021,15069.6,--,14975.43,15087.97,14975.43
02/04/2021,14975.43,--,14839.06,14976.18,14839.06
02/03/2021,14839.06,--,14768.58,14871.57,14753.31
02/02/2021,14768.58,--,14596.18,14830.79,14596.18
02/01/2021,14596.18,--,14397.2,14623.44,14397.2
01/29/2021,14397.2,--,14669.52,14669.52,14328.46
01/28/2021,14669.52,--,14487.73,14767.55,14487.73
01/27/2021,14487.73,--,14867.37,14867.37,14447.36
01/26/2021,14867.37,--,14935.29,14995.55,14860.56
01/25/2021,14935.29,--,14951.84,14957.98,14765.43
01/22/2021,14951.84,--,14895.73,14979.95,14881.38
01/21/2021,15019.05,--,15102.53,15102.53,14998.86
01/20/2021,15097.28,--,15067.86,15114.11,15029.28
01/19/2021,14987.34,--,15026.64,15037.49,14958.72
01/15/2021,14894.17,--,14949.34,14952.34,14791.65
01/14/2021,15044.38,--,15063.56,15129.12,15037.29
01/13/2021,14983.61,--,15017.02,15045.54,14931.12
01/12/2021,15010.29,--,14970.78,15024.52,14923.82
01/11/2021,14937.96,--,14828.03,14975.27,14817.74
01/08/2021,14966.83,--,14990.52,15006.16,14818.8
01/07/2021,14928.75,--,14866.92,14948.3,14849.35
01/06/2021,14788.84,--,14594.48,14898.49,14590.41
01/05/2021,14536.53,--,14378.7,14579.28,14378.7
01/04/2021,14376.7,--,14601.45,14605.75,14258.25
12/31/2020,14524.8,--,14469,14533.21,14422.74
12/30/2020,14477.48,--,14447.96,14520.57,14447.96
12/29/2020,14397.92,--,14500.03,14515.81,14371.87
12/28/2020,14405.77,--,14476.35,14481.48,14396.23
12/24/2020,14382.5,--,14387.08,14390.24,14324.77
12/23/2020,14398.62,--,14397.01,14457.29,14397.01
12/22/2020,14321.34,--,14368.56,14368.99,14305.62
12/21/2020,14378.85,--,14257.73,14408.11,14171.77
12/18/2020,14467.82,--,14525.74,14529.88,14394.35
12/17/2020,14516.73,--,14488.69,14519.99,14472.19
12/16/2020,14408.94,--,14426.08,14442.89,14370.51
12/15/2020,14402.32,--,14303.03,14410.15,14271.36
12/14/2020,14214.93,--,14445.36,14459.65,14214.03
12/11/2020,14355.29,--,14332.97,14369.24,14260.89
12/10/2020,14394.34,--,14310.4,14413.06,14290.93
12/09/2020,14374.08,--,14466.07,14476.68,14293.27
12/08/2020,14402.17,--,14304.14,14424.98,14304.14
12/07/2020,14354.97,--,14375.55,14386.98,14314.47
12/04/2020,14417.33,--,14299.51,14417.4,14297.73
12/03/2020,14217.18,--,14210.54,14283.73,14184.49
12/02/2020,14188.24,--,14104.06,14198.79,14076.71
12/01/2020,14146.64,--,14183.45,14233.46,14131.33
11/30/2020,14006.46,--,14140.95,14140.95,13977.05
11/27/2020,14198.5,--,14209.89,14229.12,14165.71
11/25/2020,14191.58,--,14187.34,14203.44,14122.1
11/24/2020,14249.5,--,14158.71,14271.09,14138.38
11/23/2020,13998.24,--,13934.2,14029.33,13911.3
11/20/2020,13827,--,13853.12,13883.45,13810.24
11/19/2020,13863.23,--,13765.52,13871.26,13714.27
11/18/2020,13808.65,--,13986.41,14004.61,13808.37
11/17/2020,13949.1,--,13880.81,13989.34,13818.76
11/16/2020,13982.19,--,13946.19,13985.51,13879.18
11/13/2020,13761.32,--,13644.95,13787.7,13644.95
11/12/2020,13551.47,--,13645.45,13675.24,13476.23
11/11/2020,13724.78,--,13779.93,13779.93,13669.89
11/10/2020,13707.99,--,13663.18,13732.62,13577.02
11/09/2020,13611.65,--,13726.21,13930.88,13608.38
11/06/2020,13218.67,--,13233.45,13270.47,13188.24
11/05/2020,13199.12,--,13125.75,13252.83,13125.75
11/04/2020,12978.95,--,12916.23,13161.52,12868.62
11/03/2020,12877.45,--,12781.17,12936.9,12781.17
11/02/2020,12662.17,--,12573.34,12675.13,12535.93
10/30/2020,12429.28,--,12448.69,12492.62,12293.75
10/29/2020,12502.29,--,12409.04,12584.47,12317.8
10/28/2020,12415.42,--,12575.29,12617.58,12411.1
10/27/2020,12817.87,--,12921.25,12934.11,12817.87
10/26/2020,12936.39,--,13063.8,13063.8,12815.28
10/23/2020,13199.86,--,13208.61,13215.59,13117.82
10/22/2020,13145.92,--,13048.69,13162.8,13002.96
10/21/2020,13040.13,--,13085.62,13153.42,13039.35
10/20/2020,13092.16,--,13085.03,13198.02,13073.17
10/19/2020,13018.51,--,13218.76,13247.75,12999.41
10/16/2020,13169.32,--,13183.61,13241.53,13164.54
10/15/2020,13137.25,--,12974.13,13148.7,12960.98
10/14/2020,13143.16,--,13222.36,13267.16,13135.9
10/13/2020,13211.95,--,13271.25,13280.19,13181.59
10/12/2020,13324.87,--,13289.55,13350.59,13274.94
10/09/2020,13252.62,--,13256.82,13297,13207.59
10/08/2020,13190.58,--,13116.13,13191.01,13100.97
10/07/2020,13042.33,--,12950.56,13073,12950.56
10/06/2020,12837.88,--,12995.95,13083.3,12824.2
10/05/2020,12949.65,--,12842.49,12957.56,12842.49
10/02/2020,12749.79,--,12554.12,12803.52,12551.97
10/01/2020,12726.84,--,12759.66,12792.62,12656.31
09/30/2020,12701.89,--,12643.45,12795.63,12621.51
09/29/2020,12602.64,--,12660.93,12688.7,12562.53
09/28/2020,12677.54,--,12650.05,12735.16,12642.97
09/25/2020,12485.38,--,12293.89,12507.93,12281.98
09/24/2020,12365.54,--,12314.58,12476.13,12228.97
09/23/2020,12359.16,--,12630.53,12657.2,12355.43
09/22/2020,12602.54,--,12575.19,12636.21,12502.25
09/21/2020,12561.78,--,12617.45,12833.57,12421.15
09/18/2020,12833.57,--,12937.6,12962.64,12779.4
09/17/2020,12948.45,--,12866.17,12981.34,12824.44
09/16/2020,12997.86,--,13013.45,13128.68,12990.7
09/15/2020,12967.18,--,13010.97,13047.48,12942.52
09/14/2020,12932.69,--,12868.31,12970.57,12858.18
09/11/2020,12773.04,--,12779.98,12827.86,12683.34
09/10/2020,12706.69,--,12924.5,12964.2,12688.32
09/09/2020,12885.8,--,12806.24,12969.46,12803.74
09/08/2020,12688.07,--,12777.55,12816,12659.16
09/04/2020,12917.15,--,13022.47,13069.97,12723.79
09/03/2020,12966.14,--,13253.8,13285.09,12887.6
09/02/2020,13276.74,--,13132.71,13299.73,13112.82
09/01/2020,13113.74,--,13032.04,13113.93,13004.17
08/31/2020,13045.6,--,13134.39,13136.55,13043.63
08/28/2020,13170.96,--,13115.37,13173.97,13066.72
08/27/2020,13068.81,--,13066.15,13111.45,13012.97
08/26/2020,13042.54,--,13006.18,13057.86,12975.96
08/25/2020,13001.99,--,13029.9,13029.9,12943.15
08/24/2020,12972.88,--,12904.95,12973.4,12881.4
08/21/2020,12809.07,--,12782.06,12814.11,12762.94
08/20/2020,12812.86,--,12751.29,12832.33,12739
08/19/2020,12859.88,--,12931.08,12946.81,12843.28
08/18/2020,12910.33,--,12967.94,12975.54,12877.19
08/17/2020,12936.11,--,12942.31,12954.92,12917.72
08/14/2020,12902.5,--,12864.74,12932.89,12856.69
08/13/2020,12919.15,--,12921.7,12967.43,12885.51
08/12/2020,12974.82,--,12984.9,13010.96,12941.88
08/11/2020,12849.37,--,12979.08,13005.57,12826.87
08/10/2020,12844.02,--,12797.78,12854.52,12794.53
08/07/2020,12765.84,--,12656.47,12766.05,12648.89
08/06/2020,12729.17,--,12702.88,12731.29,12659.31
08/05/2020,12731.55,--,12703.26,12751.36,12703.26
08/04/2020,12612.09,--,12562.08,12612.58,12523.93
08/03/2020,12536.81,--,12513.21,12562.27,12470.47
07/31/2020,12465.05,--,12509.33,12509.33,12320.73
07/30/2020,12533.28,--,12491.46,12544.8,12393.8
07/29/2020,12669.62,--,12533.46,12688.69,12533.46
07/28/2020,12491.22,--,12515.84,12563.45,12482.27
07/27/2020,12553.13,--,12481.01,12556.56,12444.51
07/24/2020,12461.78,--,12488.68,12522.19,12427.66
07/23/2020,12510.87,--,12567.17,12617.18,12459.06
07/22/2020,12569.07,--,12508.68,12578.98,12480.73
07/21/2020,12508.68,--,12492.08,12570.71,12481.97
07/20/2020,12392.98,--,12413.15,12432.77,12352.72
07/17/2020,12402.74,--,12395.76,12427.49,12339.87
07/16/2020,12350.11,--,12310.18,12381.38,12295.69
07/15/2020,12391.32,--,12377.65,12419.8,12309.26
07/14/2020,12204.21,--,11989.41,12215.15,11963.5
07/13/2020,12014.67,--,12159.75,12242.67,12000.98
07/10/2020,12075.58,--,11935.3,12079.11,11906.21
07/09/2020,11928.63,--,12089.24,12103.16,11831.04
07/08/2020,12086.39,--,12023.57,12095.18,11971.89
07/07/2020,11990.14,--,12056.21,12107.95,11979.77
07/06/2020,12160.01,--,12181.29,12218.19,12114.32
07/02/2020,11991.52,--,12088.7,12138.83,11970.8
07/01/2020,11901.55,--,11907.83,11982.23,11858.82
06/30/2020,11893.78,--,11736.75,11934.96,11724.57
06/29/2020,11777.08,--,11683.07,11777.64,11605.47
06/26/2020,11604.43,--,11796.4,11814.01,11578.81
06/25/2020,11865.11,--,11680.39,11866.2,11640.02
06/24/2020,11726.54,--,11956.29,11961.62,11650.91
06/23/2020,12077.74,--,12157.37,12176.43,12068.09
06/22/2020,12028.91,--,11963.3,12045.65,11907.22
06/19/2020,11980.12,--,12240.31,12240.31,11946.96
06/18/2020,12072.59,--,11994.46,12110.2,11984.71
06/17/2020,12086.49,--,12193.41,12202.58,12068.21
06/16/2020,12161.47,--,12304.14,12318.75,11992.98
06/15/2020,11942.91,--,11565.82,11997.65,11525.36
06/12/2020,11867.17,--,11999.48,12030.94,11640.59
06/11/2020,11659.17,--,12090.13,12099.18,11636.01
06/10/2020,12449.22,--,12616.63,12628.91,12431.56
06/09/2020,12619.52,--,12635.6,12682.74,12578.54
06/08/2020,12836.6,--,12734.54,12836.68,12688.55
06/05/2020,12641.44,--,12640.98,12752.14,12600.7
06/04/2020,12286.98,--,12236.74,12328.51,12202.36
06/03/2020,12302.19,--,12175.06,12329.29,12175.06
06/02/2020,12046.41,--,11900.24,12046.41,11900.24
06/01/2020,11900.24,--,11799.92,11928.8,11781.88
05/29/2020,11802.94,--,11750.97,11817.39,11645.71
05/28/2020,11804.91,--,11935.88,11939.74,11783.22
05/27/2020,11837.53,--,11787.56,11837.55,11602.43
05/26/2020,11603,--,11636.54,11676.96,11590.31
05/22/2020,11331.97,--,11325.08,11333.65,11247.29
05/21/2020,11351.6,--,11393.92,11447.26,11287.43
05/20/2020,11420.03,--,11408.61,11477.33,11384.36
05/19/2020,11248.97,--,11374.23,11409.66,11248.54
05/18/2020,11402.23,--,11282.89,11454.35,11282.89
05/15/2020,10947.32,--,10927.41,10968.17,10817.12
05/14/2020,10927.41,--,10661.93,10927.85,10551.55
05/13/2020,10829.44,--,11035.23,11038.38,10747.81
05/12/2020,11055.58,--,11332.42,11343.39,11055.58
05/11/2020,11281.36,--,11244.25,11345.43,11205.4
05/08/2020,11354.34,--,11281.3,11360.11,11237.51
05/07/2020,11121.67,--,11140.93,11228.25,11109.56
05/06/2020,10999.99,--,11196.87,11204.53,10999.99
05/05/2020,11135.4,--,11188.97,11259.2,11124.69
05/04/2020,11056.28,--,10965.77,11061.96,10900.39
05/01/2020,11058.57,--,11158.87,11187.77,11011.46
04/30/2020,11372.34,--,11473.23,11492.91,11326.2
04/29/2020,11618.23,--,11546.4,11675.3,11513.08
04/28/2020,11319.7,--,11462.38,11481.3,11272.78
04/27/2020,11264.84,--,11106.03,11301.31,11086.96
04/24/2020,11017.9,--,11000.7,11050.01,10868.93
04/23/2020,10916.68,--,10961.24,11099,10905.84
04/22/2020,10908.56,--,10919.97,10955.5,10844.76
04/21/2020,10706.44,--,10763.67,10861.79,10667.29
04/20/2020,11003.88,--,11016.88,11181.81,10985.06
04/17/2020,11208.29,--,11101.32,11231.27,11030.42
04/16/2020,10818.03,--,10882.83,10891.68,10718.13
04/15/2020,10843.92,--,10861.97,10903.06,10760.96
04/14/2020,11172.2,--,11151.16,11241.23,11064.63
04/13/2020,10949.53,--,11136.61,11136.61,10817.15
04/09/2020,11136.61,--,11070.32,11272.48,11019.82
04/08/2020,10902.59,--,10641.51,10939.97,10538.65
04/07/2020,10537.04,--,10894.2,10912.56,10534.74
04/06/2020,10515.24,--,10264.13,10560.73,10233.04
04/03/2020,9880.63,--,10012.47,10075.91,9774.24
04/02/2020,10062.37,--,9815.27,10142.01,9813.51
04/01/2020,9844.85,--,9917.31,10029,9766.8
03/31/2020,10301.87,--,10387.73,10499.8,10237.22
03/30/2020,10434.74,--,10238.13,10455.77,10131.6
03/27/2020,10187.21,--,10135.73,10449.22,10064.5
03/26/2020,10536.28,--,10060.48,10556.9,10060.48
03/25/2020,9961.38,--,9749.8,10303.9,9591.74
03/24/2020,9658.32,--,9276.64,9672.01,9276.64
03/23/2020,8777.38,--,9014.58,9053.49,8664.94
03/20/2020,9133.16,--,9577.9,9676.94,9108.15
03/19/2020,9461.31,--,9313.76,9622.21,9048.36
03/18/2020,9384.6,--,9562.49,9666.57,8953.6
03/17/2020,10063.36,--,9726.18,10154.16,9484.65
03/16/2020,9567.53,--,10851.98,10851.98,9559.23
03/13/2020,10851.98,--,10445.44,10851.98,10060.35
03/12/2020,10060.76,--,10466.7,10646.92,10054.47
03/11/2020,11177.29,--,11523.94,11523.94,11053.79
03/10/2020,11793.27,--,11635.22,11794.01,11246.52
03/09/2020,11298.43,--,11748.61,11748.61,11240.77
03/06/2020,12352.03,--,12593.03,12593.03,12106.74
03/05/2020,12593.03,--,12740.86,12786.64,12489.77
03/04/2020,13009.96,--,12696.61,13011.45,12673.9
03/03/2020,12542.74,--,12845.06,13015.66,12432.52
03/02/2020,12827.99,--,12441.43,12830.05,12316.18
02/28/2020,12380.97,--,12547.25,12547.25,12024.45
02/27/2020,12547.25,--,12841.4,12977.18,12544.99
02/26/2020,13046.62,--,13194.31,13323.34,13041.94
02/25/2020,13143.73,--,13570.21,13582.74,13110.09
02/24/2020,13534.12,--,13654,13654,13493.68
02/21/2020,13975.78,--,14014.63,14014.63,13931.13
02/20/2020,14061.48,--,14061.04,14104.92,13955.75
02/19/2020,14087.13,--,14077.51,14115.95,14066.24
02/18/2020,14039.01,--,14047.91,14072.69,13990.7
02/14/2020,14097.34,--,14104.77,14110.19,14046.6
02/13/2020,14099.04,--,14069.25,14132.88,14049.13
02/12/2020,14136.98,--,14117.83,14148.24,14108.52
02/11/2020,14054.08,--,13984.48,14100.27,13984.48
02/10/2020,13984.48,--,13904.02,13984.55,13899.53
02/07/2020,13931.93,--,13987.51,13987.51,13912.04
02/06/2020,14034.95,--,14066.9,14069.33,14023.48
02/05/2020,14024.86,--,13964,14029.91,13947.59
02/04/2020,13862.84,--,13826.1,13920.63,13826.1
02/03/2020,13677.92,--,13655.89,13765.33,13655.89
01/31/2020,13614.1,--,13783.81,13788.22,13573.04
01/30/2020,13861.92,--,13745.2,13869.64,13699.81
01/29/2020,13843.81,--,13912.79,13922.44,13843.79
01/28/2020,13877.6,--,13812.65,13913.59,13798.34
01/27/2020,13769.6,--,13746.63,13826.43,13742.01
01/24/2020,13978.47,--,14120.02,14120.02,13920.57
01/23/2020,14102.04,--,14064.28,14109.59,14003.28
01/22/2020,14110.24,--,14147.89,14168.2,14104.06
01/21/2020,14109.98,--,14126.12,14153.02,14102.39
01/17/2020,14183.2,--,14168.14,14183.26,14156.4
01/16/2020,14141.78,--,14103.53,14142.31,14094.88
01/15/2020,14053.23,--,14022.3,14089.94,14021.18
01/14/2020,14037.13,--,14024.23,14068.58,14005.63
01/13/2020,14042.65,--,13980.47,14042.65,13963.87
01/10/2020,13957.97,--,14018.12,14021.65,13941.52
01/09/2020,13997.65,--,13974.07,14004.42,13960.17
01/08/2020,13934.44,--,13897.01,13986.69,13896.59
01/07/2020,13898.45,--,13911.19,13923.51,13880.53
01/06/2020,13941.8,--,13856.72,13943.3,13852.73
01/03/2020,13917.05,--,13877.48,13950.74,13870.74
01/02/2020,14002.49,--,13913.03,14003.39,13913.03
12/31/2019,13913.03,--,13852.6,13915.74,13843.98
12/30/2019,13876.15,--,13951.26,13952.78,13864.57
12/27/2019,13944.14,--,13976.85,13978.61,13928.15
12/26/2019,13940.42,--,13911.16,13941.56,13895.2
12/24/2019,13895.14,--,13902.96,13902.96,13885.56
12/23/2019,13899.99,--,13906.87,13908.16,13888.59
12/20/2019,13889.25,--,13831.67,13914.28,13831.67
12/19/2019,13831.67,--,13801.73,13838.99,13798.78
12/18/2019,13799.21,--,13805.2,13819.7,13790.24
12/17/2019,13795.35,--,13795.15,13813.31,13787.72
12/16/2019,13795.15,--,13781.65,13825.76,13781.65
12/13/2019,13697.34,--,13711.25,13773.13,13655.45
12/12/2019,13697.41,--,13587.7,13725.35,13581.08
12/11/2019,13579.92,--,13554.09,13590.74,13547.68
12/10/2019,13545.31,--,13551,13574.22,13521.24
12/09/2019,13555.07,--,13570.54,13600.14,13555.07
12/06/2019,13588.29,--,13515.48,13612.06,13515.48
12/05/2019,13482.3,--,13466.73,13491.21,13429.3
12/04/2019,13457.97,--,13408.08,13484.41,13408.08
12/03/2019,13366.09,--,13363.66,13373.88,13280.04
12/02/2019,13448.26,--,13554.29,13554.29,13443.1
11/29/2019,13545.21,--,13595.86,13607.67,13537.67
11/27/2019,13607.62,--,13577.52,13611.49,13563.34
11/26/2019,13559.71,--,13532.56,13564.63,13513.11
11/25/2019,13532.89,--,13471.52,13534.59,13471.52
11/22/2019,13440.95,--,13412.27,13451.42,13404.54
11/21/2019,13406.42,--,13420.33,13430.71,13366.99
11/20/2019,13419.3,--,13460.34,13460.34,13360.66
11/19/2019,13466.35,--,13489.78,13508.88,13448.27
11/18/2019,13483.81,--,13488.48,13498.08,13464.01
11/15/2019,13492.96,--,13432.76,13492.96,13426.98
11/14/2019,13392,--,13385.05,13397.04,13346.76
11/13/2019,13385.05,--,13387.62,13400.8,13325.52
11/12/2019,13387.62,--,13391.97,13438.76,13366.88
11/11/2019,13388.12,--,13347.3,13395.65,13333.91
11/08/2019,13407.8,--,13376.34,13407.81,13343.02
11/07/2019,13395.55,--,13376.93,13436.97,13376.93
11/06/2019,13351.57,--,13339.84,13364.94,13319.79
11/05/2019,13339.59,--,13368.24,13385.03,13323.06
11/04/2019,13355.44,--,13321.18,13387.49,13321.18
11/01/2019,13300.27,--,13231.18,13300.35,13231.18
10/31/2019,13171.81,--,13239.43,13239.43,13116.58
10/30/2019,13244.01,--,13215.87,13248.65,13152.96
10/29/2019,13209.63,--,13170.9,13239.2,13156.75
10/28/2019,13186.43,--,13183.9,13223.19,13183.9
10/25/2019,13146.24,--,13106.21,13170.69,13088.94
10/24/2019,13118.9,--,13119.65,13153.33,13083.29
10/23/2019,13114.39,--,13076.38,13114.61,13062.74
10/22/2019,13071.86,--,13097.03,13140.57,13070.21
10/21/2019,13088.61,--,13019.25,13091.94,13019.25
10/18/2019,13006.64,--,13032.47,13044.08,12972.84
10/17/2019,13039.23,--,13030.51,13078.12,13021.4
10/16/2019,12994.89,--,12997.46,13028.2,12978.73
10/15/2019,13006.04,--,12897.03,13044.83,12897.03
10/14/2019,12896.22,--,12923.48,12923.48,12883.96
10/11/2019,12926.92,--,12766,13025.25,12766
10/10/2019,12766,--,12688.58,12802.75,12682.19
10/09/2019,12691.16,--,12622.48,12730.35,12622.48
10/08/2019,12590.91,--,12734.55,12734.55,12589.81
10/07/2019,12777.74,--,12816.24,12856.45,12768.76
10/04/2019,12831.55,--,12689.93,12835.21,12689.93
10/03/2019,12685.77,--,12587.32,12687.56,12482.02
10/02/2019,12608.43,--,12742.09,12742.09,12557.07
10/01/2019,12835.35,--,13002.33,13038.13,12824.15
09/30/2019,13004.74,--,12988.89,13037.81,12988.89
09/27/2019,12971.98,--,13053.2,13068.61,12913.42
09/26/2019,13028.74,--,13042.2,13061.86,12985.03
09/25/2019,13037.61,--,12991.1,13053.07,12943.44
09/24/2019,12992.26,--,13087.74,13128.05,12961.23
09/23/2019,13085.33,--,13084.81,13111.45,13040.13
09/20/2019,13093.8,--,13148.41,13171.38,13074.27
09/19/2019,13111.25,--,13121.21,13177.88,13100.88
09/18/2019,13119.31,--,13109.63,13125.58,13024.94
09/17/2019,13131.41,--,13087.87,13131.84,13074.78
09/16/2019,13107.98,--,13134,13134,13080.41
09/13/2019,13124.34,--,13150.8,13171.47,13110.07
09/12/2019,13116.05,--,13096.23,13150.87,13061.74
09/11/2019,13082.41,--,13008.33,13082.41,12981.43
09/10/2019,12993.96,--,12954.29,12993.97,12900.81
09/09/2019,12960.72,--,12975.02,12975.02,12925.41
09/06/2019,12933.38,--,12933.51,12960.6,12915.93
09/05/2019,12917.76,--,12796.32,12963.57,12796.32
09/04/2019,12796.32,--,12757.25,12797,12746.26
09/03/2019,12663.4,--,12720.19,12720.19,12600.71
08/30/2019,12736.88,--,12740.16,12785.4,12687.12
08/29/2019,12704.03,--,12657.22,12722.28,12635.99
08/28/2019,12559.23,--,12467.37,12570.99,12426.06
08/27/2019,12474.05,--,12562.04,12601.15,12450.89
08/26/2019,12519.62,--,12430.73,12528.98,12430.73
08/23/2019,12416.45,--,12643.94,12710.65,12370.07
08/22/2019,12688.46,--,12724.21,12750.27,12631.86
08/21/2019,12697.01,--,12691.76,12712.72,12677.33
08/20/2019,12599.41,--,12687.91,12687.91,12597.81
08/19/2019,12687.91,--,12687.83,12718.48,12668.81
08/16/2019,12580.41,--,12442.23,12597.69,12442.23
08/15/2019,12409.54,--,12386.25,12441.51,12325.93
08/14/2019,12368.05,--,12641.29,12641.29,12367.39
08/13/2019,12724.36,--,12589.77,12789.08,12552.31
08/12/2019,12586.24,--,12688.78,12688.78,12556.97
08/09/2019,12748.42,--,12828.82,12828.82,12689.67
08/08/2019,12828.82,--,12632.95,12835.05,12632.95
08/07/2019,12632.95,--,12627.56,12663.33,12414.11
08/06/2019,12628.14,--,12497.31,12634.96,12496.14
08/05/2019,12497.31,--,12839.51,12839.51,12408.26
08/02/2019,12839.51,--,12920.82,12920.82,12767.01
08/01/2019,12920.82,--,13066.6,13154.38,12890.98
07/31/2019,13066.6,--,13187.21,13196.85,12979.37
07/30/2019,13187.21,--,13222.76,13222.76,13128.15
07/29/2019,13222.61,--,13235.49,13249.04,13212.8
07/26/2019,13235.5,--,13169.28,13244.05,13169.28
07/25/2019,13169.28,--,13234.93,13234.93,13146.65
07/24/2019,13234.93,--,13172.55,13235.6,13161.74
07/23/2019,13197.52,--,13109.9,13203.07,13109.9
07/22/2019,13109.77,--,13111.99,13139.08,13087.52
07/19/2019,13111.99,--,13168.7,13205.09,13111.94
07/18/2019,13168.7,--,13109.29,13181.2,13089.49
07/17/2019,13119.97,--,13195.19,13201.53,13119.2
07/16/2019,13195.19,--,13232.96,13243.05,13185.91
07/15/2019,13233.39,--,13234.76,13255.13,13220.23
07/12/2019,13234.76,--,13199.85,13237.18,13199.23
07/11/2019,13198.72,--,13173.26,13211.74,13150.51
07/10/2019,13173.26,--,13137.96,13221.06,13137.96
07/09/2019,13136.89,--,13147.21,13147.21,13091.9
07/08/2019,13147.22,--,13210.87,13210.87,13136.22
07/05/2019,13210.91,--,13231.8,13231.8,13114.84
07/03/2019,13239.87,--,13152.55,13239.9,13152.55
07/02/2019,13152.55,--,13127.69,13152.95,13105.03
07/01/2019,13127.69,--,13049.71,13191.9,13049.71
06/28/2019,13049.71,--,12965.55,13055.86,12965.55
06/27/2019,12965.32,--,12912.06,12976.23,12912.06
06/26/2019,12912.01,--,12936.65,12977.92,12911.99
06/25/2019,12936.65,--,13019.98,13022.73,12934.9
06/24/2019,13019.98,--,13047.24,13061.25,13015.91
06/21/2019,13047.24,--,13068.36,13095.57,13037.88
06/20/2019,13081.54,--,12954.08,13094.8,12954.08
06/19/2019,12954.08,--,12924.27,12972.48,12908.41
06/18/2019,12907.46,--,12837.47,12950.8,12837.47
06/17/2019,12775.52,--,12789.68,12808.12,12769.53
06/14/2019,12787.24,--,12808.89,12813,12767.85
06/13/2019,12827.51,--,12816.43,12841.72,12788.54
06/12/2019,12784.83,--,12797.86,12818.6,12772.33
06/11/2019,12813.91,--,12867.17,12900.77,12787.49
06/10/2019,12802.03,--,12821.49,12859.63,12798.29
06/07/2019,12765.86,--,12725.38,12814.81,12725.38
06/06/2019,12675.66,--,12631.09,12710.67,12606.12
06/05/2019,12614.7,--,12607.35,12618.22,12530.15
06/04/2019,12560.58,--,12341.82,12564.37,12341.82
06/03/2019,12341.82,--,12288.51,12372.82,12273.09
05/31/2019,12264.49,--,12280.78,12318.46,12238.4
05/30/2019,12393.66,--,12402.54,12449.28,12354.79
05/29/2019,12386.21,--,12398.24,12405.11,12309.13
05/28/2019,12465.9,--,12597.71,12628.63,12464.53
05/24/2019,12581.36,--,12595.54,12617.46,12539.3
05/23/2019,12525,--,12569.34,12569.34,12461.35
05/22/2019,12671.99,--,12682.52,12703.8,12651.95
05/21/2019,12720.72,--,12668.33,12732.86,12668.33
05/20/2019,12616.8,--,12615.67,12668.53,12582.51
05/17/2019,12657.63,--,12652.39,12751.09,12643.07
05/16/2019,12738.36,--,12676.05,12800.9,12676.05
05/15/2019,12652.29,--,12559.66,12682.38,12526.04
05/14/2019,12620,--,12560.99,12686.53,12559.62
05/13/2019,12526.71,--,12617.22,12617.22,12480.27
05/10/2019,12788.14,--,12702.07,12820.2,12569.84
05/09/2019,12731.35,--,12673.62,12750.44,12591.79
05/08/2019,12766.69,--,12766.97,12834.77,12748.37
05/07/2019,12778.5,--,12883.06,12883.06,12703.19
05/06/2019,12976.67,--,13037.88,13037.88,12851.07
05/03/2019,13037.88,--,12977.32,13044.43,12977.32
05/02/2019,12929.56,--,12939.04,12970.65,12860.61
05/01/2019,12946.13,--,13066.08,13069.09,12944.94
04/30/2019,13060.65,--,13027.51,13067.03,12968.95
04/29/2019,13008.06,--,12992.73,13037,12990.75
04/26/2019,12991.2,--,12923.66,12991.3,12910.88
04/25/2019,12912.96,--,12907.08,12939.86,12850.12
04/24/2019,12951.63,--,12993.86,12993.86,12938.55
04/23/2019,12993.85,--,12916.67,13010.99,12910.78
04/22/2019,12914.28,--,12900.41,12920.82,12886.8
04/18/2019,12922.71,--,12912.18,12938.75,12869.85
04/17/2019,12907.11,--,12984.33,12995.6,12891.44
04/16/2019,12952.24,--,12986.3,13002.84,12934.25
04/15/2019,12956.68,--,12979.27,12983.25,12936.5
04/12/2019,12969.54,--,12955.66,12994.98,12938.05
04/11/2019,12887.12,--,12892.62,12910.4,12856.24
04/10/2019,12887.36,--,12867.34,12898.27,12852.88
04/09/2019,12849.71,--,12892.05,12892.05,12834.45
04/08/2019,12943.34,--,12927.73,12943.35,12888.87
04/05/2019,12927.72,--,12889.37,12927.9,12880.19
04/04/2019,12868.74,--,12833.32,12872.49,12818.83
04/03/2019,12833.6,--,12819.06,12882.57,12803.87
04/02/2019,12819.05,--,12840.44,12841.82,12784.71
04/01/2019,12836.03,--,12775.84,12843.95,12773.53
03/29/2019,12696.88,--,12691.77,12704.59,12644.48
03/28/2019,12632.58,--,12601.21,12641.07,12555.83
03/27/2019,12591.72,--,12635.25,12662.5,12520.2
03/26/2019,12641.36,--,12598.45,12672.73,12578.87
03/25/2019,12535.68,--,12526.49,12590.17,12486.06
03/22/2019,12539.41,--,12709.27,12716.87,12533.29
03/21/2019,12782.54,--,12658.97,12803.45,12657.63
03/20/2019,12700.25,--,12749.61,12789.38,12658.26
03/19/2019,12760.79,--,12826.12,12854.82,12728.97
03/18/2019,12781.42,--,12732.27,12786.79,12726.47
03/15/2019,12715.77,--,12679.08,12749.57,12677.76
03/14/2019,12660.16,--,12668.78,12685.39,12637.44
03/13/2019,12674.26,--,12621.69,12704.85,12621.69
03/12/2019,12582.81,--,12576.76,12611.47,12571.04
03/11/2019,12561.26,--,12429.89,12563.98,12429.89
03/08/2019,12415.13,--,12364.69,12418.29,12336.49
03/07/2019,12443.43,--,12513.52,12514.2,12408.38
03/06/2019,12538,--,12622.49,12623.78,12529.23
03/05/2019,12624.47,--,12638.19,12649.77,12600.89
03/04/2019,12637.27,--,12728.96,12737.5,12537.8
03/01/2019,12700.67,--,12698.23,12740.4,12645.57
02/28/2019,12644.81,--,12671.23,12679.19,12642.43
02/27/2019,12689.87,--,12680.92,12706.13,12637.85
02/26/2019,12686.56,--,12685.32,12729.25,12674.35
02/25/2019,12700.19,--,12746.41,12769.64,12697.29
02/22/2019,12694.52,--,12654.39,12700.06,12644.15
02/21/2019,12621.77,--,12644.05,12648.29,12580.03
02/20/2019,12673.66,--,12627.61,12695.55,12624.06
02/19/2019,12628.36,--,12567.68,12656.86,12560.35
02/15/2019,12603.47,--,12503.48,12603.84,12503.48
02/14/2019,12440.22,--,12422.24,12492.45,12383.33
02/13/2019,12474.89,--,12462.92,12510.88,12452.44
02/12/2019,12438.44,--,12366.34,12456.29,12366.34
02/11/2019,12297.9,--,12304.8,12320.13,12274.95
02/08/2019,12292.14,--,12252.87,12292.43,12186.66
02/07/2019,12295.22,--,12345.55,12347.61,12215.31
02/06/2019,12398.67,--,12405.43,12423.4,12382.17
02/05/2019,12428.26,--,12409.04,12431.95,12378.4
02/04/2019,12381.83,--,12315.49,12382.05,12268.57
02/01/2019,12329.69,--,12312.26,12350.55,12287.21
01/31/2019,12299.03,--,12222.99,12315.14,12196.19
01/30/2019,12222.39,--,12130.01,12266.55,12104.22
01/29/2019,12090.78,--,12080.42,12115.53,12056.42
01/28/2019,12065.11,--,12040.66,12066.58,11984.86
01/25/2019,12127.25,--,12106.39,12164.48,12105.96
01/24/2019,12029.45,--,12006.19,12048.13,11969.04
01/23/2019,12020.93,--,12044.55,12075.05,11926.81
01/22/2019,11999.37,--,12075.4,12075.4,11940.91
01/18/2019,12151.77,--,12070.9,12164.7,12060.36
01/17/2019,11994.54,--,11873.82,12033.58,11862.43
01/16/2019,11907.61,--,11884.97,11944.2,11882.91
01/15/2019,11868.68,--,11798.03,11877.42,11798.03
01/14/2019,11799.11,--,11783.51,11828.97,11745.57
01/11/2019,11848.01,--,11806.75,11851.55,11761.98
01/10/2019,11839.31,--,11731.55,11843.6,11701.81
01/09/2019,11778.42,--,11746.66,11811.68,11712.37
01/08/2019,11716.23,--,11681.87,11727.75,11619.34
01/07/2019,11605.96,--,11539.35,11678.97,11502.26
01/04/2019,11533.34,--,11304.41,11559.02,11304.41
01/03/2019,11190.44,--,11345.7,11345.7,11169.46
01/02/2019,11383.53,--,11238.77,11408.26,11204.28
12/31/2018,11374.39,--,11338.24,11378.19,11270.63
12/28/2018,11290.95,--,11343.86,11418.86,11249.92
12/27/2018,11285.31,--,11081.87,11285.32,10932.94
12/26/2018,11204.09,--,10801.47,11204.59,10723.66
12/24/2018,10769.83,--,10976.23,10995.9,10769.81
12/21/2018,11036.84,--,11199.3,11364.14,11013.42
12/20/2018,11222.79,--,11338.35,11394.72,11126.95
12/19/2018,11371.84,--,11540.18,11677.5,11313.03
12/18/2018,11502.16,--,11594.09,11649.15,11449.75
12/17/2018,11532.12,--,11716.14,11752.74,11480.08
12/14/2018,11755.38,--,11845.36,11882.36,11727.89
12/13/2018,11936.16,--,11976.29,12011.4,11892.78
12/12/2018,11943.29,--,11982.97,12075.05,11941.82
12/11/2018,11860.65,--,11982.78,12044.03,11805.72
12/10/2018,11889.29,--,11922.72,11939.04,11696.58
12/07/2018,11941.93,--,12156.83,12228.91,11897.77
12/06/2018,12144.41,--,12043.44,12144.51,11852.83
12/04/2018,12221.98,--,12555.02,12568.64,12212.52
12/03/2018,12577.54,--,12602.9,12624.75,12500.36
11/30/2018,12457.55,--,12373,12464.41,12358.86
11/29/2018,12389.37,--,12384.98,12453.62,12336.31
11/28/2018,12417.63,--,12225.73,12418.48,12174.44
11/27/2018,12188.07,--,12135.41,12190.41,12111.57
11/26/2018,12181.6,--,12111.2,12199.58,12111.2
11/23/2018,12036.24,--,12034.68,12087.17,12016.76
11/21/2018,12123.34,--,12108.72,12202.63,12108.72
11/20/2018,12048.66,--,12158.04,12161.32,12016.08
11/19/2018,12280.91,--,12388.11,12407.82,12234.24
11/16/2018,12400.28,--,12329.43,12433.72,12308.61
11/15/2018,12361.52,--,12215.19,12379.13,12146.07
11/14/2018,12275.49,--,12398.93,12435.65,12199.04
11/13/2018,12328.3,--,12358.88,12446.24,12301.27
11/12/2018,12343.51,--,12517.73,12523.01,12330.8
11/09/2018,12537.53,--,12566.33,12574.64,12472.05
11/08/2018,12622.04,--,12646.42,12676.05,12580.3
11/07/2018,12679.1,--,12564.78,12682.06,12536.12
11/06/2018,12480.06,--,12413.96,12482.76,12411.67
11/05/2018,12424.31,--,12364.38,12450.76,12364.38
11/02/2018,12321.8,--,12410.73,12449.94,12230.32
11/01/2018,12356.5,--,12208.06,12363.32,12208.06
10/31/2018,12208.06,--,12198.65,12306.04,12198.65
10/30/2018,12129.94,--,11961.6,12139.2,11952.71
10/29/2018,11942.51,--,12084.49,12178.88,11820.33
10/26/2018,11976.95,--,12006.76,12082.51,11847.79
10/25/2018,12118.85,--,12023.5,12187.85,11993.2
10/24/2018,11969.74,--,12274.38,12290.24,11957.13
10/23/2018,12287.44,--,12234.99,12343.46,12108.44
10/22/2018,12374.76,--,12474.15,12489.8,12354.04
10/19/2018,12457.27,--,12469.7,12558.61,12434.92
10/18/2018,12445.48,--,12570.66,12601.79,12397.25
10/17/2018,12613.05,--,12612.18,12646.46,12507.93
10/16/2018,12645.95,--,12425.68,12653.89,12425.68
10/15/2018,12425.68,--,12437.74,12519.12,12408.7
10/12/2018,12439.42,--,12485.24,12501.56,12304.84
10/11/2018,12349.53,--,12574.59,12625.92,12299.05
10/10/2018,12622.13,--,12952.12,12952.71,12620.28
10/09/2018,12960.45,--,12970.18,13008.52,12926.16
10/08/2018,13000.14,--,12955.69,13014.92,12913.36
10/05/2018,12991.95,--,13043.47,13069.13,12935.65
10/04/2018,13042.3,--,13089.23,13099.37,12975.87
10/03/2018,13118.55,--,13146.68,13175.61,13101.14
10/02/2018,13106.01,--,13108.74,13129.02,13069.15
10/01/2018,13125.35,--,13146.3,13169.8,13099.94
09/28/2018,13082.52,--,13071.4,13121.35,13065.93
09/27/2018,13105.72,--,13111.99,13164.68,13097.09
09/26/2018,13101.96,--,13164.82,13203.98,13093.09
09/25/2018,13160.6,--,13203.9,13215.26,13154.56
09/24/2018,13162.05,--,13235.21,13237.81,13148.67
09/21/2018,13236.44,--,13243.42,13261.77,13228.74
09/20/2018,13225.11,--,13183.66,13238.74,13173.71
09/19/2018,13121.97,--,13105.13,13155.17,13103.6
09/18/2018,13091.98,--,13044.93,13112.38,13038.66
09/17/2018,13031.91,--,13059.23,13073.96,13020.58
09/14/2018,13050.52,--,13042.38,13064.88,13014.49
09/13/2018,13034.61,--,13022.63,13055.34,13000.72
09/12/2018,12990.1,--,12952.31,13017.47,12952.31
09/11/2018,12952.3,--,12896.77,12968.9,12873.38
09/10/2018,12928.67,--,12952.09,12994.84,12928.12
09/07/2018,12911.12,--,12898.39,12939.92,12875.63
09/06/2018,12938.91,--,12960.21,12993.16,12900.82
09/05/2018,12968.55,--,12944.05,12977.1,12908.01
09/04/2018,12969.86,--,12976.05,12984.2,12928.29
08/31/2018,13016.89,--,13007.37,13037.09,12965.48
08/30/2018,13039.93,--,13094.78,13094.78,13019.44
08/29/2018,13132.16,--,13098.85,13148.42,13074.82
08/28/2018,13084.8,--,13125.34,13130.49,13075.14
08/27/2018,13102.03,--,13043.43,13110.7,13043.43
08/24/2018,12999.44,--,12968.82,13011.69,12964.3
08/23/2018,12933.46,--,12978.59,12988.21,12922.84
08/22/2018,12990.51,--,13007.57,13013.06,12983.02
08/21/2018,12996.76,--,12998.04,13032.25,12993.95
08/20/2018,12965.1,--,12930.15,12973.56,12929.43
08/17/2018,12908.26,--,12839.72,12928.18,12834.11
08/16/2018,12841.28,--,12784.76,12875.41,12784.76
08/15/2018,12723.09,--,12752.5,12752.5,12648.32
08/14/2018,12835.31,--,12791.95,12849.49,12791.95
08/13/2018,12763.66,--,12836.65,12853.17,12746.01
08/10/2018,12843.49,--,12868.1,12878.03,12818.01
08/09/2018,12956.66,--,12983.25,13001.67,12949.91
08/08/2018,12987.91,--,12995.92,13007.65,12966.82
08/07/2018,12999.59,--,13011.3,13039.56,12997.28
08/06/2018,12964.27,--,12939.77,12985.48,12918.81
08/03/2018,12953.34,--,12893.92,12955.77,12893.3
08/02/2018,12898.07,--,12818.59,12904.75,12803.9
08/01/2018,12902.39,--,12949.85,12961.69,12879.47
07/31/2018,12963.28,--,12903.43,12989.46,12903.43
07/30/2018,12903.43,--,12936.78,12961.9,12895.62
07/27/2018,12921.34,--,12967.38,12978.82,12886.59
07/26/2018,12953.39,--,12929.79,12985.57,12929.79
07/25/2018,12933.63,--,12836.36,12940.27,12820.57
07/24/2018,12847.49,--,12836.63,12883.05,12814.04
07/23/2018,12794.05,--,12788.5,12803.17,12765.58
07/20/2018,12789.91,--,12778.22,12807.98,12770.19
07/19/2018,12786.48,--,12786.37,12815,12751.8
07/18/2018,12823.23,--,12786.26,12825.69,12770.32
07/17/2018,12779.22,--,12731.48,12797.58,12725.99
07/16/2018,12748.78,--,12758.52,12766.18,12717.07
07/13/2018,12769.5,--,12744.8,12783.24,12727.76
07/12/2018,12761.46,--,12746.72,12771.98,12709.28
07/11/2018,12681.59,--,12737.97,12756.04,12665.59
07/10/2018,12814.64,--,12795.46,12820.08,12782.77
07/09/2018,12776.92,--,12712.33,12779.77,12712.33
07/06/2018,12664.88,--,12578.86,12684.35,12561.96
07/05/2018,12585.21,--,12553.78,12587.92,12512.5
07/03/2018,12494.7,--,12542.33,12576.82,12484.6
07/02/2018,12485.58,--,12430.7,12486.54,12400.54
06/29/2018,12504.25,--,12537.19,12607.39,12504.25
06/28/2018,12475.98,--,12412.19,12503.7,12377.04
06/27/2018,12412.07,--,12528.44,12594.46,12412.01
06/26/2018,12510.55,--,12501.34,12544.78,12466.12
06/25/2018,12481.6,--,12584.95,12584.95,12424.03
06/22/2018,12639.57,--,12653.34,12677.7,12634.73
06/21/2018,12560.23,--,12620.4,12622.54,12539.83
06/20/2018,12648.74,--,12676.37,12684.66,12634.45
06/19/2018,12638.98,--,12708.63,12708.63,12569.95
06/18/2018,12708.63,--,12660.67,12711.68,12639.25
06/15/2018,12734.64,--,12727.39,12746.57,12659.97
06/14/2018,12771.95,--,12812.13,12823.81,12761.51
06/13/2018,12785.45,--,12856.15,12859.01,12784.31
06/12/2018,12844.71,--,12861.66,12877.23,12822.93
06/11/2018,12856.96,--,12845.08,12888.98,12842.8
06/08/2018,12832.07,--,12778.22,12833.57,12759.45
06/07/2018,12788.5,--,12797.93,12826.89,12750.46
06/06/2018,12778.23,--,12696.53,12778.52,12681.61
06/05/2018,12658.7,--,12673.91,12677.95,12623.42
06/04/2018,12673.91,--,12620.83,12705.05,12620.83
06/01/2018,12620.83,--,12596.68,12635.11,12595.91
05/31/2018,12527.14,--,12606.24,12606.24,12499.69
05/30/2018,12625.87,--,12514.33,12647.92,12514.33
05/29/2018,12442.69,--,12516.55,12543.69,12391.15
05/25/2018,12634.94,--,12646.58,12652.29,12606.86
05/24/2018,12696.69,--,12715.3,12723.09,12625.69
05/23/2018,12743.4,--,12701.58,12743.42,12670.07
05/22/2018,12766.65,--,12832.17,12853.33,12760.09
05/21/2018,12804.01,--,12771.57,12814.7,12771.57
05/18/2018,12717.42,--,12735.11,12740.27,12700.53
05/17/2018,12747.83,--,12741.54,12787.12,12714.11
05/16/2018,12743.8,--,12710.63,12764.55,12706.74
05/15/2018,12704.63,--,12711.88,12727.29,12668.75
05/14/2018,12772.03,--,12791.89,12821.54,12755.46
05/11/2018,12761.82,--,12748.91,12788.75,12730.59
05/10/2018,12731.64,--,12660.23,12748.57,12653.81
05/09/2018,12632.49,--,12565.23,12652.11,12555.18
05/08/2018,12520.24,--,12498.16,12522.35,12458.25
05/07/2018,12519.75,--,12493.35,12567.7,12492.83
05/04/2018,12493.35,--,12335.41,12527.93,12310.9
05/03/2018,12392.5,--,12395.47,12419.7,12255.85
05/02/2018,12418.06,--,12486.11,12521.65,12402.28
05/01/2018,12493.02,--,12490.24,12493.07,12388.95
04/30/2018,12515.36,--,12615.35,12641.93,12515.36
04/27/2018,12594.02,--,12567.67,12614.89,12552.97
04/26/2018,12582.9,--,12539.65,12621.16,12521.85
04/25/2018,12517.86,--,12491.43,12539.59,12408.78
04/24/2018,12514,--,12659.93,12675.93,12442.93
04/23/2018,12610.77,--,12618.07,12640.16,12567.22
04/20/2018,12607.16,--,12670.92,12680.87,12571.21
04/19/2018,12671.48,--,12714.61,12716.95,12622.02
04/18/2018,12732.85,--,12737.13,12774.37,12722.1
04/17/2018,12705.76,--,12680.39,12733.68,12665.49
04/16/2018,12628.21,--,12601.4,12660.11,12573.04
04/13/2018,12546.05,--,12580.22,12640.88,12503.67
04/12/2018,12580.22,--,12558.98,12623.71,12552.72
04/11/2018,12514.59,--,12509.39,12580.98,12501.28
04/10/2018,12565.97,--,12380.56,12601.25,12380.56
04/09/2018,12380.55,--,12412.94,12532.85,12374.92
04/06/2018,12349.11,--,12511.6,12552.47,12263.93
04/05/2018,12571.94,--,12512.42,12605.08,12509.91
04/04/2018,12466.45,--,12218.91,12482.71,12193.85
04/03/2018,12367.07,--,12274.26,12380.25,12220.21
04/02/2018,12216.71,--,12432.89,12441.85,12107.72
03/29/2018,12452.06,--,12356.19,12512,12356.08
03/28/2018,12308.9,--,12323.93,12399.23,12271.03
03/27/2018,12302.54,--,12466.39,12517.26,12246.41
03/26/2018,12433.15,--,12327.06,12444.4,12241.48
03/23/2018,12177.7,--,12413.61,12449.03,12166.54
03/22/2018,12377.39,--,12574.16,12597.1,12369.73
03/21/2018,12683.76,--,12663.66,12776.33,12654.72
03/20/2018,12663.64,--,12663.25,12692.53,12643.59
03/19/2018,12651.46,--,12755.55,12755.55,12580.07
03/16/2018,12784.39,--,12752.69,12821.86,12752.69
03/15/2018,12743.61,--,12788.16,12813.6,12722.93
03/14/2018,12762.67,--,12874.52,12892.9,12743.9
03/13/2018,12831.75,--,12938.5,12963.09,12809.07
03/12/2018,12898.4,--,12930.43,12963.42,12881.17
03/09/2018,12918.82,--,12802.14,12918.82,12782.93
03/08/2018,12745.01,--,12725.16,12754.32,12672.36
03/07/2018,12707.01,--,12634.04,12724.84,12603.5
03/06/2018,12720.77,--,12722.31,12735.44,12648.25
03/05/2018,12680.73,--,12498.45,12710.57,12482.78
03/02/2018,12557.99,--,12444.65,12576.56,12391.21
03/01/2018,12518.73,--,12644.43,12716.45,12435.87
02/28/2018,12652.55,--,12852.11,12873.85,12650.81
02/27/2018,12819.22,--,12986.94,13018.15,12819.22
02/26/2018,12999.62,--,12922.16,13005.51,12881.98
02/23/2018,12884.11,--,12766.13,12885.13,12755.34
02/22/2018,12711.75,--,12732.82,12828,12687.24
02/21/2018,12695.52,--,12777.35,12896.93,12695.31
02/20/2018,12763.34,--,12817.14,12855.72,12730.01
02/16/2018,12874.36,--,12826.9,12961.12,12826.9
02/15/2018,12856.87,--,12817.18,12857.72,12695.24
02/14/2018,12746.72,--,12515.49,12761.43,12504.24
02/13/2018,12574.37,--,12512.3,12599.72,12481.98
02/12/2018,12560.12,--,12496.35,12627.41,12416.91
02/09/2018,12405.82,--,12364.31,12484.61,12048.66
02/08/2018,12270.65,--,12701.88,12701.88,12270.65
02/07/2018,12687.18,--,12696.95,12866.58,12685.43
02/06/2018,12745.45,--,12386.84,12779.15,12337.76
02/05/2018,12572.93,--,12974.19,13050.16,12518.21
02/02/2018,13085.35,--,13294.35,13294.35,13075.88
02/01/2018,13381.97,--,13338.99,13414.78,13324.32
01/31/2018,13367.96,--,13416.83,13443.25,13320.37
01/30/2018,13375.51,--,13441.24,13458.54,13369.42
01/29/2018,13524.65,--,13592.8,13605.91,13520.68
01/26/2018,13637.02,--,13547.28,13637.02,13539.2
01/25/2018,13512.66,--,13548.87,13555.51,13479.57
01/24/2018,13507.66,--,13520.07,13556.38,13452.75
01/23/2018,13474.11,--,13461.87,13482.42,13434.94
01/22/2018,13470.37,--,13388.32,13470.4,13381.33
01/19/2018,13384.46,--,13342.96,13384.46,13331.7
01/18/2018,13315.91,--,13341.76,13353.14,13299.93
01/17/2018,13352.39,--,13282.48,13376.8,13255.38
01/16/2018,13246.86,--,13343.82,13371.97,13215.26
01/12/2018,13294.34,--,13240.96,13299.19,13237.55
01/11/2018,13210.77,--,13106.6,13210.77,13106.6
01/10/2018,13106.6,--,13108.23,13131.11,13070.84
01/09/2018,13120.84,--,13123.83,13156.88,13110.9
01/08/2018,13114.35,--,13096.65,13117.24,13065.24
01/05/2018,13103.23,--,13066.37,13104.52,13039.08
01/04/2018,13028.46,--,12999.53,13045.16,12999.53
01/03/2018,12957.28,--,12910.63,12963.39,12906.99
01/02/2018,12902.72,--,12860.93,12902.72,12842.27
12/29/2017,12808.84,--,12878.35,12886.11,12808.82
12/28/2017,12853.09,--,12839.54,12853.92,12823.56
12/27/2017,12821.98,--,12808.9,12834.55,12808.36
12/26/2017,12808.9,--,12794.13,12819.57,12794.13
12/22/2017,12797.44,--,12803.98,12807.5,12773.82
12/21/2017,12800.21,--,12771.21,12826.03,12770.86
12/20/2017,12747.55,--,12782.56,12791.66,12741.87
12/19/2017,12747.54,--,12803.18,12807.13,12747.26
12/18/2017,12785.82,--,12760.53,12812.11,12760.53
12/15/2017,12699.68,--,12650.08,12723.59,12650.08
12/14/2017,12629.07,--,12706.78,12713.82,12629.07
12/13/2017,12699.48,--,12709.06,12739.8,12699.48
12/12/2017,12697.78,--,12680.7,12717.08,12674.89
12/11/2017,12668.21,--,12643.06,12669.29,12643.06
12/08/2017,12643.06,--,12605,12643.12,12587.61
12/07/2017,12568.98,--,12517.67,12581.43,12512.03
12/06/2017,12532.43,--,12550.17,12565.6,12524.43
12/05/2017,12567.16,--,12635.72,12640.38,12559.49
12/04/2017,12634.89,--,12685.78,12724.5,12632.88
12/01/2017,12614.56,--,12636.73,12649.28,12463.83
11/30/2017,12627.8,--,12596.35,12673.7,12584.94
11/29/2017,12561.32,--,12529.55,12579.8,12529.55
11/28/2017,12520.23,--,12412.15,12523.64,12409.62
11/27/2017,12390.78,--,12421.31,12427.31,12390.3
11/24/2017,12421.93,--,12423.7,12431.69,12419.4
11/22/2017,12390.82,--,12406.14,12416.75,12380.29
11/21/2017,12385.88,--,12352.57,12397.32,12352.57
11/20/2017,12320.77,--,12306.66,12331.09,12294.96
11/17/2017,12302.89,--,12281.28,12314.69,12277.31
11/16/2017,12303.28,--,12258.78,12321.9,12258.78
11/15/2017,12220.34,--,12222.09,12250.92,12178.89
11/14/2017,12280.11,--,12316.83,12316.83,12238.08
11/13/2017,12316.82,--,12281.19,12328.16,12272.21
11/10/2017,12322.6,--,12324.38,12332.24,12303.86
11/09/2017,12339.61,--,12326.32,12350.69,12268.07
11/08/2017,12384.72,--,12361.23,12390.53,12344.15
11/07/2017,12371.25,--,12398.79,12415.96,12344.64
11/06/2017,12400.93,--,12373.07,12410.66,12365.51
11/03/2017,12373.06,--,12361.02,12376.23,12340.89
11/02/2017,12372.96,--,12359.29,12377.09,12316.77
11/01/2017,12362.89,--,12383.87,12414.6,12352.1
10/31/2017,12341.01,--,12333.82,12358.76,12322.45
10/30/2017,12319.47,--,12349.36,12354.56,12308.84
10/27/2017,12366.43,--,12339.65,12366.7,12308.36
10/26/2017,12352.43,--,12362.84,12380.28,12350.5
10/25/2017,12336.58,--,12406.2,12406.2,12280.31
10/24/2017,12404.99,--,12405.97,12419.51,12397.26
10/23/2017,12384.42,--,12436.76,12443.8,12383.36
10/20/2017,12430.52,--,12407.98,12430.65,12401.64
10/19/2017,12380.32,--,12336.15,12381.52,12322.13
10/18/2017,12371.02,--,12371.3,12382.59,12358.1
10/17/2017,12349.97,--,12355.22,12357.64,12332.25
10/16/2017,12359.52,--,12365.99,12377.25,12343.18
10/13/2017,12352,--,12360.87,12377.89,12350.03
10/12/2017,12338.74,--,12342.15,12353.14,12325.03
10/11/2017,12362.06,--,12347.21,12362.19,12338.18
10/10/2017,12346.59,--,12329.65,12356,12321.61
10/09/2017,12293.95,--,12328.19,12334.31,12281.17
10/06/2017,12317.69,--,12314.61,12317.98,12291.87
10/05/2017,12338.93,--,12307.72,12351.14,12303.05
10/04/2017,12304.67,--,12298.11,12320.03,12289.17
10/03/2017,12302.88,--,12274.73,12303.72,12266.52
10/02/2017,12264.66,--,12209.16,12265.39,12200.13
09/29/2017,12209.16,--,12179.31,12209.45,12172.12
09/28/2017,12179.31,--,12147.61,12183.67,12142.98
09/27/2017,12157.65,--,12154.55,12173.34,12112.12
09/26/2017,12127.92,--,12142.06,12156.5,12125.75
09/25/2017,12141.56,--,12144.07,12165.24,12108.01
09/22/2017,12151.8,--,12134.45,12156.1,12133.69
09/21/2017,12133.62,--,12140.21,12152.77,12120.88
09/20/2017,12147.5,--,12137.49,12158.98,12103.13
09/19/2017,12131.73,--,12126.23,12137.6,12116.63
09/18/2017,12111.45,--,12094.83,12123.74,12091.73
09/15/2017,12080.14,--,12065.33,12080.68,12050.52
09/14/2017,12062.62,--,12042.54,12065.8,12033.64
09/13/2017,12055.18,--,12049.72,12063.25,12044.66
09/12/2017,12057.12,--,12029.79,12061.05,12028.71
09/11/2017,12010.27,--,11943.47,12015.79,11943.47
09/08/2017,11887.98,--,11873.99,11902.44,11861.74
09/07/2017,11879.61,--,11896.8,11899.61,11858.74
09/06/2017,11872.92,--,11859.32,11889.27,11855.15
09/05/2017,11827.15,--,11894.93,11898.12,11783.87
09/01/2017,11918.08,--,11897.97,11934.97,11897.97
08/31/2017,11875.69,--,11833.88,11890.31,11833.88
08/30/2017,11805.07,--,11783.38,11818.68,11770.06
08/29/2017,11791.88,--,11733.8,11801.41,11728.98
08/28/2017,11800.22,--,11831.02,11836.46,11776.45
08/25/2017,11812.03,--,11804.88,11845.5,11804.88
08/24/2017,11773.8,--,11806.89,11816.6,11769.99
08/23/2017,11785.92,--,11770.65,11805.49,11758.99
08/22/2017,11805.29,--,11743.41,11813.91,11743.41
08/21/2017,11719.27,--,11700.11,11726.9,11678.21
08/18/2017,11699.83,--,11702.01,11753.83,11670.88
08/17/2017,11712.72,--,11839.91,11856.49,11712.6
08/16/2017,11868.85,--,11868.18,11891.04,11857.47
08/15/2017,11843.48,--,11861.18,11862.48,11829.95
08/14/2017,11856.06,--,11820.18,11879.03,11820.18
08/11/2017,11763.21,--,11754.4,11791.38,11753.3
08/10/2017,11771.6,--,11889.28,11889.28,11770.48
08/09/2017,11929.46,--,11906.63,11930.13,11896.36
08/08/2017,11949.97,--,11987.77,12019.85,11931.71
08/07/2017,11987.77,--,11983.72,11987.79,11969.94
08/04/2017,11984.89,--,11982.03,11994.95,11959.99
08/03/2017,11956.52,--,11968.48,11975.42,11944.19
08/02/2017,11979.37,--,11979.1,11981.41,11938.9
08/01/2017,12000.02,--,12006.74,12012.65,11978.95
07/31/2017,11967.67,--,11976.21,11989.53,11950.58
07/28/2017,11954.69,--,11950.6,11959.86,11923.16
07/27/2017,11963.23,--,11977.89,11977.89,11911.79
07/26/2017,11964.91,--,11983.75,11985.19,11956.41
07/25/2017,11965.72,--,11973.06,11985.8,11952.22
07/24/2017,11904.71,--,11918.53,11919.61,11891.66
07/21/2017,11924.6,--,11944.5,11944.5,11890.59
07/20/2017,11944.49,--,11956.27,11963.55,11928.67
07/19/2017,11941.34,--,11894.34,11941.38,11893.42
07/18/2017,11877.42,--,11878.77,11879.97,11843.82
07/17/2017,11890.51,--,11894.69,11910.85,11882.36
07/14/2017,11897.31,--,11844.03,11918.17,11838.55
07/13/2017,11844.62,--,11832.78,11849.39,11810.05
07/12/2017,11825.9,--,11794.43,11846,11794.43
07/11/2017,11744.77,--,11748.23,11759.17,11684.75
07/10/2017,11751.79,--,11744.24,11776.9,11733.74
07/07/2017,11752.98,--,11713.66,11757.56,11698.07
07/06/2017,11702.43,--,11766.13,11771.18,11694.08
07/05/2017,11809.49,--,11826.25,11829.92,11772.92
07/03/2017,11835.72,--,11801.44,11869.82,11801.44
06/30/2017,11761.7,--,11777.63,11799.46,11738.16
06/29/2017,11739.98,--,11835.5,11837.6,11683.31
06/28/2017,11812.8,--,11771.14,11827.5,11771.14
06/27/2017,11716.92,--,11765.8,11787.6,11716.92
06/26/2017,11758.86,--,11761.45,11793.54,11741.79
06/23/2017,11733.2,--,11716.58,11750.33,11702.1
06/22/2017,11712.52,--,11704.12,11741.88,11697.93
06/21/2017,11696.28,--,11742.48,11753.31,11678.9
06/20/2017,11738.95,--,11801.2,11801.2,11736.87
06/19/2017,11833.34,--,11801.83,11836.96,11800.42
06/16/2017,11772.02,--,11745.3,11772.03,11716.69
06/15/2017,11740.52,--,11703.25,11744.62,11693.9
06/14/2017,11779.81,--,11810.87,11811.5,11750.75
06/13/2017,11796.79,--,11770.09,11799.19,11757.75
06/12/2017,11746.46,--,11749.35,11774.18,11715.09
06/09/2017,11744.73,--,11678.86,11754.75,11678.86
06/08/2017,11678.95,--,11664.52,11702.64,11655.13
06/07/2017,11667.73,--,11677.82,11698.15,11635.57
06/06/2017,11671.46,--,11661.94,11693.1,11644.14
06/05/2017,11693.68,--,11700.46,11711.58,11683.14
06/02/2017,11718.7,--,11702.13,11728.8,11684.96
06/01/2017,11699.79,--,11616.21,11699.83,11603.41
05/31/2017,11598.03,--,11610.89,11613.11,11554.86
05/30/2017,11601.31,--,11607,11616.46,11588.27
05/26/2017,11631.87,--,11625.32,11635.46,11617.17
05/25/2017,11639.3,--,11641.36,11666.9,11623.19
05/24/2017,11621.23,--,11605.29,11626.14,11593.43
05/23/2017,11604.62,--,11602.38,11620.27,11587.82
05/22/2017,11585.21,--,11574.83,11592.52,11560.38
05/19/2017,11542.69,--,11475.01,11573.21,11474.52
05/18/2017,11434.06,--,11392.9,11479,11374.64
05/17/2017,11423.53,--,11522.97,11530.52,11422.58
05/16/2017,11606.49,--,11635,11642.85,11594.82
05/15/2017,11614.23,--,11547.44,11628.24,11547.44
05/12/2017,11547.05,--,11551.36,11557.82,11531.12
05/11/2017,11563.6,--,11572,11574.45,11508.17
05/10/2017,11598.99,--,11571.72,11599.5,11561.27
05/09/2017,11567.52,--,11602.42,11604.72,11547.08
05/08/2017,11595.26,--,11607.28,11612.18,11571.46
05/05/2017,11615.61,--,11554.08,11615.61,11552.36
05/04/2017,11534.71,--,11544.14,11546.22,11490.42
05/03/2017,11529.66,--,11527.89,11537.06,11493.32
05/02/2017,11551.3,--,11554.1,11562.64,11529.87
05/01/2017,11536.49,--,11550.41,11569.45,11525.16
04/28/2017,11536.08,--,11579.31,11579.31,11531.89
04/27/2017,11578.52,--,11601.33,11601.33,11545.85
04/26/2017,11592.91,--,11594.67,11653.17,11590.32
04/25/2017,11603.28,--,11573.67,11619.04,11571.1
04/24/2017,11531.79,--,11515.01,11546.09,11512.14
04/21/2017,11389.13,--,11419.49,11427.64,11372.41
04/20/2017,11426.91,--,11375.66,11449.15,11366.96
04/19/2017,11342.42,--,11401.99,11416.9,11327.22
04/18/2017,11378.58,--,11426.83,11426.83,11333.74
04/17/2017,11427.08,--,11351.67,11427.24,11343.26
04/13/2017,11324.53,--,11390.75,11420.39,11324.53
04/12/2017,11423.17,--,11460.22,11462.51,11405.55
04/11/2017,11473.62,--,11456.21,11474.67,11393.38
04/10/2017,11464.34,--,11454.11,11496.73,11435.71
04/07/2017,11445.58,--,11444.3,11483.72,11428.36
04/06/2017,11457.29,--,11426.58,11485.38,11410.45
04/05/2017,11423.36,--,11501.62,11560.82,11418.86
04/04/2017,11470.53,--,11463.78,11472.04,11424.17
04/03/2017,11463.91,--,11495.33,11502.25,11394.34
03/31/2017,11492.85,--,11497.81,11528.29,11489.88
03/30/2017,11519.84,--,11494.86,11537.7,11488.58
03/29/2017,11496.67,--,11463.73,11507.52,11445.72
03/28/2017,11493.84,--,11403.71,11511.88,11402.74
03/27/2017,11414.33,--,11341.32,11427.85,11324.5
03/24/2017,11418.89,--,11440.91,11468.92,11381.96
03/23/2017,11430.89,--,11410.47,11494.04,11404.16
03/22/2017,11426.69,--,11406.6,11440.88,11372.3
03/21/2017,11420.43,--,11598.56,11607.23,11412.88
03/20/2017,11556.93,--,11582.72,11591.33,11540.45
03/17/2017,11589.01,--,11614.9,11621.57,11582.47
03/16/2017,11600.23,--,11619.06,11630.93,11583.43
03/15/2017,11590.31,--,11490.32,11609.86,11490.32
03/14/2017,11459.29,--,11479.03,11479.03,11428.73
03/13/2017,11519.44,--,11507.19,11522.44,11498.1
03/10/2017,11500.76,--,11510.94,11520.67,11454.08
03/09/2017,11457.64,--,11454.59,11484.02,11411.84
03/08/2017,11448.21,--,11511.84,11521.23,11443.03
03/07/2017,11506.32,--,11547.79,11547.79,11498.93
03/06/2017,11547.79,--,11556.63,11562.59,11517.6
03/03/2017,11598.37,--,11575.92,11604.52,11558.82
03/02/2017,11575.91,--,11633.64,11633.64,11569.65
03/01/2017,11661.22,--,11593.21,11687.07,11593.21
02/28/2017,11512.39,--,11528.91,11542,11498.91
02/27/2017,11558.35,--,11531.39,11564.64,11517.34
02/24/2017,11541.29,--,11556.15,11556.15,11486.17
02/23/2017,11556.15,--,11586.96,11590.35,11525.41
02/22/2017,11550.18,--,11544.17,11567.95,11530.85
02/21/2017,11578.25,--,11517.94,11582.64,11517.94
02/17/2017,11510.91,--,11468.01,11510.92,11455.66
02/16/2017,11504.19,--,11519.32,11525.21,11467.37
02/15/2017,11514.4,--,11469.1,11523.93,11445.42
02/14/2017,11468.87,--,11419.11,11468.88,11396.51
02/13/2017,11433.93,--,11378.11,11450.64,11378.11
02/10/2017,11377.72,--,11347.93,11390.89,11345.78
02/09/2017,11327.68,--,11274.38,11339.76,11274.38
02/08/2017,11251.8,--,11222.08,11254.79,11196.93
02/07/2017,11243.38,--,11271.75,11285.18,11229.2
02/06/2017,11264.11,--,11278.41,11289.48,11245.46
02/03/2017,11310.74,--,11268.02,11316.73,11257.17
02/02/2017,11215.39,--,11196.13,11225.46,11181.43
02/01/2017,11207.24,--,11244.82,11259.89,11171.57
01/31/2017,11222.96,--,11195.52,11225.94,11166.21
01/30/2017,11205.24,--,11228.36,11229.26,11147.11
01/27/2017,11283.19,--,11311.33,11314.32,11270.64
01/26/2017,11313.12,--,11335.72,11344.74,11303.06
01/25/2017,11339.05,--,11297.43,11343.78,11294.76
01/24/2017,11249.28,--,11183.56,11269.64,11180.78
01/23/2017,11170.62,--,11178.43,11188.58,11130.05
01/20/2017,11192.79,--,11175.52,11208.21,11160.59
01/19/2017,11148.85,--,11195.83,11203.37,11118.47
01/18/2017,11196.1,--,11187.33,11203.43,11166.79
01/17/2017,11196.29,--,11209.72,11221.9,11176.5
01/13/2017,11227.17,--,11218.05,11244.32,11212.08
01/12/2017,11204.15,--,11213.9,11214.58,11136.19
01/11/2017,11226.78,--,11181.93,11226.8,11154.01
01/10/2017,11183.33,--,11181.74,11229.51,11171.58
01/09/2017,11169.79,--,11209.71,11209.71,11169.76
01/06/2017,11237.62,--,11235.44,11260.84,11205.3
01/05/2017,11247.69,--,11243.12,11264.17,11209.63
01/04/2017,11246.54,--,11186.78,11252.63,11186.78
01/03/2017,11154.35,--,11138.85,11176.91,11094.29
12/30/2016,11056.9,--,11094.81,11104.09,11034.05
12/29/2016,11074.33,--,11071.11,11092.48,11057.67
12/28/2016,11058.88,--,11148.32,11149.79,11057.15
12/27/2016,11146.4,--,11601.29,11688.45,11144.12
12/23/2016,11128.8,--,11111.5,11128.86,11110.05
12/22/2016,11114.14,--,11127.78,11127.78,11100.93
12/21/2016,11142.57,--,11170.41,11174.4,11142.57
12/20/2016,11172.19,--,11145.29,11176.68,11145.29
12/19/2016,11128.54,--,11127,11150.31,11110.59
12/16/2016,11125.22,--,11152.21,11162.94,11109.59
12/15/2016,11131.89,--,11087.13,11170.65,11086.39
12/14/2016,11098.67,--,11214.03,11234,11087.01
12/13/2016,11237.17,--,11216.83,11256.07,11189.43
12/12/2016,11177.28,--,11200.19,11227.3,11163.2
12/09/2016,11191.79,--,11153.1,11194.23,11152.68
12/08/2016,11149.96,--,11114.32,11176.63,11094.79
12/07/2016,11114.61,--,10977.41,11118,10974.2
12/06/2016,10970.78,--,10923.58,10973.92,10902.26
12/05/2016,10910.9,--,10890.15,10923.91,10888.71
12/02/2016,10838.58,--,10828.99,10867.7,10821.21
12/01/2016,10828.99,--,10860.42,10876.39,10812.75
11/30/2016,10838.46,--,10872.38,10890.04,10838.45
11/29/2016,10817.7,--,10798.92,10842.28,10786.4
11/28/2016,10808.63,--,10857.47,10864.77,10803.09
11/25/2016,10878.09,--,10854.69,10878.1,10852.89
11/23/2016,10835.9,--,10772.61,10837.23,10768.8
11/22/2016,10820.18,--,10793.34,10828.27,10768.6
